quarter_day,feature,shap_value,updated_at
2022Q4_day1,analyst bearish ratio,-0.478328298,2026-04-30 38:31:0
2022Q4_day1,analyst coverage,-0.179812507,2026-04-30 38:31:0
2022Q4_day1,analyst rating momentum,0.00157311,2026-04-30 38:31:0
2022Q4_day1,analyst positive momentum,0.014094178,2026-04-30 38:31:0
2022Q4_day1,analyst price target upside,0.059986906,2026-04-30 38:31:0
2022Q4_day1,reaction days,0.274569986,2026-04-30 38:31:0
2022Q4_day1,cortex sentiment,-1.140572258,2026-04-30 38:31:0
2022Q4_day1,earnings surprise pct,0.714572309,2026-04-30 38:31:0
2022Q4_day1,actual eps,0.872177379,2026-04-30 38:31:0
2022Q4_day1,operating margin,0.15433165,2026-04-30 38:31:0
2022Q4_day1,guidance surprise pct,1.226968927,2026-04-30 38:31:0
2022Q4_day1,guidance eps,0.125214745,2026-04-30 38:31:0
2022Q4_day1,china rev yoy,-0.460234251,2026-04-30 38:31:0
2022Q4_day1,revenue qoq,0.383303047,2026-04-30 38:31:0
2022Q4_day1,beta sp500,0.099694204,2026-04-30 38:31:0
2022Q4_day1,beta sp500 it,-0.224545961,2026-04-30 38:31:0
2022Q4_day1,beta nasdaq,0.465345593,2026-04-30 38:31:0
2022Q4_day1,cadence return 30d,0.03470239,2026-04-30 38:31:0
2022Q4_day1,siemens return 30d,0.353789155,2026-04-30 38:31:0
2022Q4_day1,vix,-0.366240759,2026-04-30 38:31:0
2022Q4_day1,vix change 30d,0.630373962,2026-04-30 38:31:0
2022Q4_day1,high volatility,0.477670421,2026-04-30 38:31:0
2022Q4_day1,cpi,-0.074689245,2026-04-30 38:31:0
2022Q4_day1,unemployment rate,0.291471285,2026-04-30 38:31:0
2022Q4_day1,analyst sentiment score,-0.11277443,2026-04-30 38:31:0
2022Q4_day1,analyst consensus strength,0.410589467,2026-04-30 38:31:0
2022Q4_day1,analyst bullish ratio,-0.289477038,2026-04-30 38:31:0
2022Q4_day2,analyst bearish ratio,0.205815438,2026-04-30 38:31:0
2022Q4_day2,analyst coverage,0.317527346,2026-04-30 38:31:0
2022Q4_day2,analyst rating momentum,-0.527621846,2026-04-30 38:31:0
2022Q4_day2,analyst positive momentum,-0.354977554,2026-04-30 38:31:0
2022Q4_day2,analyst price target upside,-0.257846436,2026-04-30 38:31:0
2022Q4_day2,reaction days,0.096118633,2026-04-30 38:31:0
2022Q4_day2,cortex sentiment,-0.069474647,2026-04-30 38:31:0
2022Q4_day2,earnings surprise pct,1.701414231,2026-04-30 38:31:0
2022Q4_day2,actual eps,0.844456868,2026-04-30 38:31:0
2022Q4_day2,operating margin,0.488584664,2026-04-30 38:31:0
2022Q4_day2,guidance surprise pct,-0.028060875,2026-04-30 38:31:0
2022Q4_day2,guidance eps,-0.222029464,2026-04-30 38:31:0
2022Q4_day2,china rev yoy,-0.01666431,2026-04-30 38:31:0
2022Q4_day2,revenue qoq,0.115219635,2026-04-30 38:31:0
2022Q4_day2,beta sp500,-0.009808424,2026-04-30 38:31:0
2022Q4_day2,beta sp500 it,-0.62023263,2026-04-30 38:31:0
2022Q4_day2,beta nasdaq,-0.026736012,2026-04-30 38:31:0
2022Q4_day2,cadence return 30d,-0.39134085,2026-04-30 38:31:0
2022Q4_day2,siemens return 30d,0.200901765,2026-04-30 38:31:0
2022Q4_day2,vix,-0.216700877,2026-04-30 38:31:0
2022Q4_day2,vix change 30d,-0.869939893,2026-04-30 38:31:0
2022Q4_day2,high volatility,-0.656933459,2026-04-30 38:31:0
2022Q4_day2,cpi,-0.317764057,2026-04-30 38:31:0
2022Q4_day2,unemployment rate,-0.018803729,2026-04-30 38:31:0
2022Q4_day2,analyst sentiment score,0.073085392,2026-04-30 38:31:0
2022Q4_day2,analyst consensus strength,-0.295717814,2026-04-30 38:31:0
2022Q4_day2,analyst bullish ratio,0.151213955,2026-04-30 38:31:0
2022Q4_day3,analyst bearish ratio,-0.159077286,2026-04-30 38:31:0
2022Q4_day3,analyst coverage,-0.23786185,2026-04-30 38:31:0
2022Q4_day3,analyst rating momentum,-0.032109108,2026-04-30 38:31:0
2022Q4_day3,analyst positive momentum,-0.310572697,2026-04-30 38:31:0
2022Q4_day3,analyst price target upside,0.039270139,2026-04-30 38:31:0
2022Q4_day3,reaction days,-0.089575579,2026-04-30 38:31:0
2022Q4_day3,cortex sentiment,0.67883508,2026-04-30 38:31:0
2022Q4_day3,earnings surprise pct,0.821158131,2026-04-30 38:31:0
2022Q4_day3,actual eps,0.380164695,2026-04-30 38:31:0
2022Q4_day3,operating margin,0.064193973,2026-04-30 38:31:0
2022Q4_day3,guidance surprise pct,0.73260317,2026-04-30 38:31:0
2022Q4_day3,guidance eps,0.66741824,2026-04-30 38:31:0
2022Q4_day3,china rev yoy,0.18425001,2026-04-30 38:31:0
2022Q4_day3,revenue qoq,0.227252313,2026-04-30 38:31:0
2022Q4_day3,beta sp500,-0.159150344,2026-04-30 38:31:0
2022Q4_day3,beta sp500 it,-0.172745472,2026-04-30 38:31:0
2022Q4_day3,beta nasdaq,-0.082515509,2026-04-30 38:31:0
2022Q4_day3,cadence return 30d,-0.690576349,2026-04-30 38:31:0
2022Q4_day3,siemens return 30d,-0.454557319,2026-04-30 38:31:0
2022Q4_day3,vix,0.283437134,2026-04-30 38:31:0
2022Q4_day3,vix change 30d,0.422483857,2026-04-30 38:31:0
2022Q4_day3,high volatility,-0.52451802,2026-04-30 38:31:0
2022Q4_day3,cpi,0.172967089,2026-04-30 38:31:0
2022Q4_day3,unemployment rate,0.093375046,2026-04-30 38:31:0
2022Q4_day3,analyst sentiment score,1.347328485,2026-04-30 38:31:0
2022Q4_day3,analyst consensus strength,0.335872473,2026-04-30 38:31:0
2022Q4_day3,analyst bullish ratio,-0.038375277,2026-04-30 38:31:0
2022Q4_day4,analyst bearish ratio,-0.286662132,2026-04-30 38:31:0
2022Q4_day4,analyst coverage,-0.481933896,2026-04-30 38:31:0
2022Q4_day4,analyst rating momentum,0.061039091,2026-04-30 38:31:0
2022Q4_day4,analyst positive momentum,-0.226905224,2026-04-30 38:31:0
2022Q4_day4,analyst price target upside,-0.134450742,2026-04-30 38:31:0
2022Q4_day4,reaction days,0.020685423,2026-04-30 38:31:0
2022Q4_day4,cortex sentiment,-1.148928802,2026-04-30 38:31:0
2022Q4_day4,earnings surprise pct,1.812284981,2026-04-30 38:31:0
2022Q4_day4,actual eps,1.328983854,2026-04-30 38:31:0
2022Q4_day4,operating margin,-0.002391792,2026-04-30 38:31:0
2022Q4_day4,guidance surprise pct,1.687966483,2026-04-30 38:31:0
2022Q4_day4,guidance eps,0.846420985,2026-04-30 38:31:0
2022Q4_day4,china rev yoy,-0.25838526,2026-04-30 38:31:0
2022Q4_day4,revenue qoq,0.456937223,2026-04-30 38:31:0
2022Q4_day4,beta sp500,0.161673013,2026-04-30 38:31:0
2022Q4_day4,beta sp500 it,-0.311173846,2026-04-30 38:31:0
2022Q4_day4,beta nasdaq,-0.057101603,2026-04-30 38:31:0
2022Q4_day4,cadence return 30d,-0.262685476,2026-04-30 38:31:0
2022Q4_day4,siemens return 30d,-0.414839919,2026-04-30 38:31:0
2022Q4_day4,vix,0.063088774,2026-04-30 38:31:0
2022Q4_day4,vix change 30d,0.55470832,2026-04-30 38:31:0
2022Q4_day4,high volatility,-1.099283787,2026-04-30 38:31:0
2022Q4_day4,cpi,0.168890771,2026-04-30 38:31:0
2022Q4_day4,unemployment rate,-0.195192771,2026-04-30 38:31:0
2022Q4_day4,analyst sentiment score,-0.79227523,2026-04-30 38:31:0
2022Q4_day4,analyst consensus strength,-0.177718177,2026-04-30 38:31:0
2022Q4_day4,analyst bullish ratio,-0.259197231,2026-04-30 38:31:0
2022Q4_day5,analyst bearish ratio,0.014556488,2026-04-30 38:31:0
2022Q4_day5,analyst coverage,-0.249285035,2026-04-30 38:31:0
2022Q4_day5,analyst rating momentum,0.081137048,2026-04-30 38:31:0
2022Q4_day5,analyst positive momentum,-0.015071433,2026-04-30 38:31:0
2022Q4_day5,analyst price target upside,0.102210391,2026-04-30 38:31:0
2022Q4_day5,reaction days,-0.031512732,2026-04-30 38:31:0
2022Q4_day5,cortex sentiment,-0.846062798,2026-04-30 38:31:0
2022Q4_day5,earnings surprise pct,1.253234735,2026-04-30 38:31:0
2022Q4_day5,actual eps,1.100550313,2026-04-30 38:31:0
2022Q4_day5,operating margin,-0.293266573,2026-04-30 38:31:0
2022Q4_day5,guidance surprise pct,0.859599383,2026-04-30 38:31:0
2022Q4_day5,guidance eps,1.250832274,2026-04-30 38:31:0
2022Q4_day5,china rev yoy,-0.500821584,2026-04-30 38:31:0
2022Q4_day5,revenue qoq,0.163008058,2026-04-30 38:31:0
2022Q4_day5,beta sp500,-0.198787128,2026-04-30 38:31:0
2022Q4_day5,beta sp500 it,0.171179601,2026-04-30 38:31:0
2022Q4_day5,beta nasdaq,-0.228977747,2026-04-30 38:31:0
2022Q4_day5,cadence return 30d,-0.54146463,2026-04-30 38:31:0
2022Q4_day5,siemens return 30d,-0.488262731,2026-04-30 38:31:0
2022Q4_day5,vix,-0.375957527,2026-04-30 38:31:0
2022Q4_day5,vix change 30d,-0.270138749,2026-04-30 38:31:0
2022Q4_day5,high volatility,-0.852158313,2026-04-30 38:31:0
2022Q4_day5,cpi,0.191577738,2026-04-30 38:31:0
2022Q4_day5,unemployment rate,-0.498456019,2026-04-30 38:31:0
2022Q4_day5,analyst sentiment score,-0.539647879,2026-04-30 38:31:0
2022Q4_day5,analyst consensus strength,-0.36330486,2026-04-30 38:31:0
2022Q4_day5,analyst bullish ratio,-0.195550832,2026-04-30 38:31:0
2022Q4_day6,analyst bearish ratio,0.014219601,2026-04-30 38:31:0
2022Q4_day6,analyst coverage,-0.25812401,2026-04-30 38:31:0
2022Q4_day6,analyst rating momentum,-0.115366663,2026-04-30 38:31:0
2022Q4_day6,analyst positive momentum,0.301887843,2026-04-30 38:31:0
2022Q4_day6,analyst price target upside,0.034621626,2026-04-30 38:31:0
2022Q4_day6,reaction days,0.317138422,2026-04-30 38:31:0
2022Q4_day6,cortex sentiment,-1.177824113,2026-04-30 38:31:0
2022Q4_day6,earnings surprise pct,1.117882507,2026-04-30 38:31:0
2022Q4_day6,actual eps,1.664941172,2026-04-30 38:31:0
2022Q4_day6,operating margin,-0.74149335,2026-04-30 38:31:0
2022Q4_day6,guidance surprise pct,0.321862847,2026-04-30 38:31:0
2022Q4_day6,guidance eps,1.146243276,2026-04-30 38:31:0
2022Q4_day6,china rev yoy,-0.060913616,2026-04-30 38:31:0
2022Q4_day6,revenue qoq,0.111343762,2026-04-30 38:31:0
2022Q4_day6,beta sp500,-0.181195556,2026-04-30 38:31:0
2022Q4_day6,beta sp500 it,0.025976936,2026-04-30 38:31:0
2022Q4_day6,beta nasdaq,-0.046703171,2026-04-30 38:31:0
2022Q4_day6,cadence return 30d,0.350334618,2026-04-30 38:31:0
2022Q4_day6,siemens return 30d,0.076326253,2026-04-30 38:31:0
2022Q4_day6,vix,-0.231198669,2026-04-30 38:31:0
2022Q4_day6,vix change 30d,-0.605938483,2026-04-30 38:31:0
2022Q4_day6,high volatility,-0.643803112,2026-04-30 38:31:0
2022Q4_day6,cpi,-0.129767456,2026-04-30 38:31:0
2022Q4_day6,unemployment rate,0.118335643,2026-04-30 38:31:0
2022Q4_day6,analyst sentiment score,-0.752590688,2026-04-30 38:31:0
2022Q4_day6,analyst consensus strength,0.086932457,2026-04-30 38:31:0
2022Q4_day6,analyst bullish ratio,0.62262024,2026-04-30 38:31:0
2022Q4_day7,analyst bearish ratio,0.261337411,2026-04-30 38:31:0
2022Q4_day7,analyst coverage,-0.09780706,2026-04-30 38:31:0
2022Q4_day7,analyst rating momentum,0.360364177,2026-04-30 38:31:0
2022Q4_day7,analyst positive momentum,-0.122422612,2026-04-30 38:31:0
2022Q4_day7,analyst price target upside,-0.257624907,2026-04-30 38:31:0
2022Q4_day7,reaction days,-0.051617262,2026-04-30 38:31:0
2022Q4_day7,cortex sentiment,-1.622475153,2026-04-30 38:31:0
2022Q4_day7,earnings surprise pct,0.58909191,2026-04-30 38:31:0
2022Q4_day7,actual eps,0.811051028,2026-04-30 38:31:0
2022Q4_day7,operating margin,0.502931194,2026-04-30 38:31:0
2022Q4_day7,guidance surprise pct,0.996156424,2026-04-30 38:31:0
2022Q4_day7,guidance eps,0.668539683,2026-04-30 38:31:0
2022Q4_day7,china rev yoy,0.248821674,2026-04-30 38:31:0
2022Q4_day7,revenue qoq,-0.663340593,2026-04-30 38:31:0
2022Q4_day7,beta sp500,0.070684367,2026-04-30 38:31:0
2022Q4_day7,beta sp500 it,0.231259558,2026-04-30 38:31:0
2022Q4_day7,beta nasdaq,-0.443575874,2026-04-30 38:31:0
2022Q4_day7,cadence return 30d,0.343126213,2026-04-30 38:31:0
2022Q4_day7,siemens return 30d,0.101548922,2026-04-30 38:31:0
2022Q4_day7,vix,-0.607643957,2026-04-30 38:31:0
2022Q4_day7,vix change 30d,-0.083609067,2026-04-30 38:31:0
2022Q4_day7,high volatility,0.735346429,2026-04-30 38:31:0
2022Q4_day7,cpi,0.054559877,2026-04-30 38:31:0
2022Q4_day7,unemployment rate,0.074466176,2026-04-30 38:31:0
2022Q4_day7,analyst sentiment score,-0.77561654,2026-04-30 38:31:0
2022Q4_day7,analyst consensus strength,-0.254953311,2026-04-30 38:31:0
2022Q4_day7,analyst bullish ratio,0.249100745,2026-04-30 38:31:0
2022Q4_day8,analyst bearish ratio,-0.256825148,2026-04-30 38:31:0
2022Q4_day8,analyst coverage,0.021469871,2026-04-30 38:31:0
2022Q4_day8,analyst rating momentum,-0.143297234,2026-04-30 38:31:0
2022Q4_day8,analyst positive momentum,0.143693948,2026-04-30 38:31:0
2022Q4_day8,analyst price target upside,0.216732421,2026-04-30 38:31:0
2022Q4_day8,reaction days,0.357507989,2026-04-30 38:31:0
2022Q4_day8,cortex sentiment,-0.806009839,2026-04-30 38:31:0
2022Q4_day8,earnings surprise pct,0.638075039,2026-04-30 38:31:0
2022Q4_day8,actual eps,0.212741771,2026-04-30 38:31:0
2022Q4_day8,operating margin,-0.133287978,2026-04-30 38:31:0
2022Q4_day8,guidance surprise pct,1.026380296,2026-04-30 38:31:0
2022Q4_day8,guidance eps,1.25419317,2026-04-30 38:31:0
2022Q4_day8,china rev yoy,-0.276649597,2026-04-30 38:31:0
2022Q4_day8,revenue qoq,0.260881776,2026-04-30 38:31:0
2022Q4_day8,beta sp500,0.406691358,2026-04-30 38:31:0
2022Q4_day8,beta sp500 it,0.124030471,2026-04-30 38:31:0
2022Q4_day8,beta nasdaq,0.563038744,2026-04-30 38:31:0
2022Q4_day8,cadence return 30d,-0.23213676,2026-04-30 38:31:0
2022Q4_day8,siemens return 30d,-0.373396411,2026-04-30 38:31:0
2022Q4_day8,vix,-1.289360124,2026-04-30 38:31:0
2022Q4_day8,vix change 30d,0.348022156,2026-04-30 38:31:0
2022Q4_day8,high volatility,-0.072817172,2026-04-30 38:31:0
2022Q4_day8,cpi,-0.016675401,2026-04-30 38:31:0
2022Q4_day8,unemployment rate,0.083990588,2026-04-30 38:31:0
2022Q4_day8,analyst sentiment score,-1.175293428,2026-04-30 38:31:0
2022Q4_day8,analyst consensus strength,0.733725594,2026-04-30 38:31:0
2022Q4_day8,analyst bullish ratio,0.038766355,2026-04-30 38:31:0
2022Q4_day9,analyst bearish ratio,0.032818438,2026-04-30 38:31:0
2022Q4_day9,analyst coverage,0.217729987,2026-04-30 38:31:0
2022Q4_day9,analyst rating momentum,0.14430277,2026-04-30 38:31:0
2022Q4_day9,analyst positive momentum,0.067165207,2026-04-30 38:31:0
2022Q4_day9,analyst price target upside,-0.008094891,2026-04-30 38:31:0
2022Q4_day9,reaction days,0.244293671,2026-04-30 38:31:0
2022Q4_day9,cortex sentiment,0.629214698,2026-04-30 38:31:0
2022Q4_day9,earnings surprise pct,1.607252028,2026-04-30 38:31:0
2022Q4_day9,actual eps,1.755911976,2026-04-30 38:31:0
2022Q4_day9,operating margin,-0.153364703,2026-04-30 38:31:0
2022Q4_day9,guidance surprise pct,0.206237108,2026-04-30 38:31:0
2022Q4_day9,guidance eps,0.724527848,2026-04-30 38:31:0
2022Q4_day9,china rev yoy,0.016717474,2026-04-30 38:31:0
2022Q4_day9,revenue qoq,0.328257456,2026-04-30 38:31:0
2022Q4_day9,beta sp500,-0.507739389,2026-04-30 38:31:0
2022Q4_day9,beta sp500 it,0.458865096,2026-04-30 38:31:0
2022Q4_day9,beta nasdaq,-0.04740237,2026-04-30 38:31:0
2022Q4_day9,cadence return 30d,-0.128064321,2026-04-30 38:31:0
2022Q4_day9,siemens return 30d,-0.303631313,2026-04-30 38:31:0
2022Q4_day9,vix,-1.227428336,2026-04-30 38:31:0
2022Q4_day9,vix change 30d,0.011585292,2026-04-30 38:31:0
2022Q4_day9,high volatility,-0.363341016,2026-04-30 38:31:0
2022Q4_day9,cpi,-0.38698827,2026-04-30 38:31:0
2022Q4_day9,unemployment rate,-0.388523632,2026-04-30 38:31:0
2022Q4_day9,analyst sentiment score,-0.70147082,2026-04-30 38:31:0
2022Q4_day9,analyst consensus strength,0.500706458,2026-04-30 38:31:0
2022Q4_day9,analyst bullish ratio,-0.077877405,2026-04-30 38:31:0
2022Q4_day10,analyst bearish ratio,-0.450942886,2026-04-30 38:31:0
2022Q4_day10,analyst coverage,-0.073722919,2026-04-30 38:31:0
2022Q4_day10,analyst rating momentum,-0.081817071,2026-04-30 38:31:0
2022Q4_day10,analyst positive momentum,-0.809065993,2026-04-30 38:31:0
2022Q4_day10,analyst price target upside,0.139141027,2026-04-30 38:31:0
2022Q4_day10,reaction days,0.103813094,2026-04-30 38:31:0
2022Q4_day10,cortex sentiment,-0.082276181,2026-04-30 38:31:0
2022Q4_day10,earnings surprise pct,1.909373657,2026-04-30 38:31:0
2022Q4_day10,actual eps,1.475939018,2026-04-30 38:31:0
2022Q4_day10,operating margin,-0.080666607,2026-04-30 38:31:0
2022Q4_day10,guidance surprise pct,0.136084455,2026-04-30 38:31:0
2022Q4_day10,guidance eps,2.344015882,2026-04-30 38:31:0
2022Q4_day10,china rev yoy,0.01776553,2026-04-30 38:31:0
2022Q4_day10,revenue qoq,0.004178788,2026-04-30 38:31:0
2022Q4_day10,beta sp500,-0.007237526,2026-04-30 38:31:0
2022Q4_day10,beta sp500 it,0.059425428,2026-04-30 38:31:0
2022Q4_day10,beta nasdaq,-0.043308124,2026-04-30 38:31:0
2022Q4_day10,cadence return 30d,-0.172098602,2026-04-30 38:31:0
2022Q4_day10,siemens return 30d,-0.164057682,2026-04-30 38:31:0
2022Q4_day10,vix,-0.416376635,2026-04-30 38:31:0
2022Q4_day10,vix change 30d,-0.671712386,2026-04-30 38:31:0
2022Q4_day10,high volatility,-0.756422891,2026-04-30 38:31:0
2022Q4_day10,cpi,0.031929068,2026-04-30 38:31:0
2022Q4_day10,unemployment rate,-0.076493165,2026-04-30 38:31:0
2022Q4_day10,analyst sentiment score,0.402395793,2026-04-30 38:31:0
2022Q4_day10,analyst consensus strength,-0.795290943,2026-04-30 38:31:0
2022Q4_day10,analyst bullish ratio,0.327452056,2026-04-30 38:31:0
2023Q1_day1,analyst bearish ratio,0.373825558,2026-04-30 38:31:0
2023Q1_day1,analyst coverage,-0.62201707,2026-04-30 38:31:0
2023Q1_day1,analyst rating momentum,-0.102806278,2026-04-30 38:31:0
2023Q1_day1,analyst positive momentum,-0.11143226,2026-04-30 38:31:0
2023Q1_day1,analyst price target upside,-0.131502339,2026-04-30 38:31:0
2023Q1_day1,reaction days,-0.005563338,2026-04-30 38:31:0
2023Q1_day1,cortex sentiment,-1.166345507,2026-04-30 38:31:0
2023Q1_day1,earnings surprise pct,1.851362266,2026-04-30 38:31:0
2023Q1_day1,actual eps,1.361407036,2026-04-30 38:31:0
2023Q1_day1,operating margin,0.381466528,2026-04-30 38:31:0
2023Q1_day1,guidance surprise pct,1.233003238,2026-04-30 38:31:0
2023Q1_day1,guidance eps,0.122568937,2026-04-30 38:31:0
2023Q1_day1,china rev yoy,-0.15735608,2026-04-30 38:31:0
2023Q1_day1,revenue qoq,0.146812368,2026-04-30 38:31:0
2023Q1_day1,beta sp500,-0.366638343,2026-04-30 38:31:0
2023Q1_day1,beta sp500 it,0.213899529,2026-04-30 38:31:0
2023Q1_day1,beta nasdaq,-0.072097619,2026-04-30 38:31:0
2023Q1_day1,cadence return 30d,-0.112446242,2026-04-30 38:31:0
2023Q1_day1,siemens return 30d,0.21328799,2026-04-30 38:31:0
2023Q1_day1,vix,-0.177868344,2026-04-30 38:31:0
2023Q1_day1,vix change 30d,-0.580483083,2026-04-30 38:31:0
2023Q1_day1,high volatility,0.179664902,2026-04-30 38:31:0
2023Q1_day1,cpi,-0.324318998,2026-04-30 38:31:0
2023Q1_day1,unemployment rate,0.184780682,2026-04-30 38:31:0
2023Q1_day1,analyst sentiment score,-0.144139245,2026-04-30 38:31:0
2023Q1_day1,analyst consensus strength,-0.092863932,2026-04-30 38:31:0
2023Q1_day1,analyst bullish ratio,0.097839907,2026-04-30 38:31:0
2023Q1_day2,analyst bearish ratio,-0.375334073,2026-04-30 38:31:0
2023Q1_day2,analyst coverage,0.277208106,2026-04-30 38:31:0
2023Q1_day2,analyst rating momentum,-0.055470641,2026-04-30 38:31:0
2023Q1_day2,analyst positive momentum,-0.156816906,2026-04-30 38:31:0
2023Q1_day2,analyst price target upside,0.359801845,2026-04-30 38:31:0
2023Q1_day2,reaction days,0.009131262,2026-04-30 38:31:0
2023Q1_day2,cortex sentiment,-1.345076778,2026-04-30 38:31:0
2023Q1_day2,earnings surprise pct,-0.133977504,2026-04-30 38:31:0
2023Q1_day2,actual eps,1.163605971,2026-04-30 38:31:0
2023Q1_day2,operating margin,-0.384128806,2026-04-30 38:31:0
2023Q1_day2,guidance surprise pct,1.852876509,2026-04-30 38:31:0
2023Q1_day2,guidance eps,-0.449157645,2026-04-30 38:31:0
2023Q1_day2,china rev yoy,0.50893691,2026-04-30 38:31:0
2023Q1_day2,revenue qoq,0.06330524,2026-04-30 38:31:0
2023Q1_day2,beta sp500,-0.029013934,2026-04-30 38:31:0
2023Q1_day2,beta sp500 it,-0.163475726,2026-04-30 38:31:0
2023Q1_day2,beta nasdaq,0.119740834,2026-04-30 38:31:0
2023Q1_day2,cadence return 30d,-0.011290411,2026-04-30 38:31:0
2023Q1_day2,siemens return 30d,0.330990565,2026-04-30 38:31:0
2023Q1_day2,vix,-0.342886176,2026-04-30 38:31:0
2023Q1_day2,vix change 30d,-0.324849119,2026-04-30 38:31:0
2023Q1_day2,high volatility,-0.581806106,2026-04-30 38:31:0
2023Q1_day2,cpi,-0.017083687,2026-04-30 38:31:0
2023Q1_day2,unemployment rate,0.092340531,2026-04-30 38:31:0
2023Q1_day2,analyst sentiment score,-1.526101036,2026-04-30 38:31:0
2023Q1_day2,analyst consensus strength,-0.404455627,2026-04-30 38:31:0
2023Q1_day2,analyst bullish ratio,0.222979228,2026-04-30 38:31:0
2023Q1_day3,analyst bearish ratio,0.051259631,2026-04-30 38:31:0
2023Q1_day3,analyst coverage,-0.055195001,2026-04-30 38:31:0
2023Q1_day3,analyst rating momentum,0.00553018,2026-04-30 38:31:0
2023Q1_day3,analyst positive momentum,0.104274512,2026-04-30 38:31:0
2023Q1_day3,analyst price target upside,0.042048064,2026-04-30 38:31:0
2023Q1_day3,reaction days,-0.005660945,2026-04-30 38:31:0
2023Q1_day3,cortex sentiment,-0.382492847,2026-04-30 38:31:0
2023Q1_day3,earnings surprise pct,0.212976333,2026-04-30 38:31:0
2023Q1_day3,actual eps,1.044951653,2026-04-30 38:31:0
2023Q1_day3,operating margin,-0.510775081,2026-04-30 38:31:0
2023Q1_day3,guidance surprise pct,1.417493382,2026-04-30 38:31:0
2023Q1_day3,guidance eps,1.083558489,2026-04-30 38:31:0
2023Q1_day3,china rev yoy,0.07680892,2026-04-30 38:31:0
2023Q1_day3,revenue qoq,0.294807295,2026-04-30 38:31:0
2023Q1_day3,beta sp500,0.499642333,2026-04-30 38:31:0
2023Q1_day3,beta sp500 it,0.30431102,2026-04-30 38:31:0
2023Q1_day3,beta nasdaq,-0.552262269,2026-04-30 38:31:0
2023Q1_day3,cadence return 30d,-0.38387309,2026-04-30 38:31:0
2023Q1_day3,siemens return 30d,-0.187445573,2026-04-30 38:31:0
2023Q1_day3,vix,-0.386954475,2026-04-30 38:31:0
2023Q1_day3,vix change 30d,-0.14117049,2026-04-30 38:31:0
2023Q1_day3,high volatility,-0.762871907,2026-04-30 38:31:0
2023Q1_day3,cpi,0.056030029,2026-04-30 38:31:0
2023Q1_day3,unemployment rate,-0.22661488,2026-04-30 38:31:0
2023Q1_day3,analyst sentiment score,-0.866910682,2026-04-30 38:31:0
2023Q1_day3,analyst consensus strength,-0.421998329,2026-04-30 38:31:0
2023Q1_day3,analyst bullish ratio,-0.276969974,2026-04-30 38:31:0
2023Q1_day4,analyst bearish ratio,-0.405505382,2026-04-30 38:31:0
2023Q1_day4,analyst coverage,-0.292761976,2026-04-30 38:31:0
2023Q1_day4,analyst rating momentum,0.316092539,2026-04-30 38:31:0
2023Q1_day4,analyst positive momentum,-0.284819667,2026-04-30 38:31:0
2023Q1_day4,analyst price target upside,0.676476413,2026-04-30 38:31:0
2023Q1_day4,reaction days,0.24866358,2026-04-30 38:31:0
2023Q1_day4,cortex sentiment,-0.389098326,2026-04-30 38:31:0
2023Q1_day4,earnings surprise pct,0.284985332,2026-04-30 38:31:0
2023Q1_day4,actual eps,1.220185928,2026-04-30 38:31:0
2023Q1_day4,operating margin,-0.172691348,2026-04-30 38:31:0
2023Q1_day4,guidance surprise pct,0.873205889,2026-04-30 38:31:0
2023Q1_day4,guidance eps,2.336050723,2026-04-30 38:31:0
2023Q1_day4,china rev yoy,-0.02881797,2026-04-30 38:31:0
2023Q1_day4,revenue qoq,0.344781998,2026-04-30 38:31:0
2023Q1_day4,beta sp500,-0.210952928,2026-04-30 38:31:0
2023Q1_day4,beta sp500 it,-0.010496547,2026-04-30 38:31:0
2023Q1_day4,beta nasdaq,0.531240191,2026-04-30 38:31:0
2023Q1_day4,cadence return 30d,-0.188090117,2026-04-30 38:31:0
2023Q1_day4,siemens return 30d,0.543734567,2026-04-30 38:31:0
2023Q1_day4,vix,-0.046124032,2026-04-30 38:31:0
2023Q1_day4,vix change 30d,-0.681233388,2026-04-30 38:31:0
2023Q1_day4,high volatility,-0.08379613,2026-04-30 38:31:0
2023Q1_day4,cpi,0.291766335,2026-04-30 38:31:0
2023Q1_day4,unemployment rate,0.186542989,2026-04-30 38:31:0
2023Q1_day4,analyst sentiment score,-1.442134832,2026-04-30 38:31:0
2023Q1_day4,analyst consensus strength,-0.218141153,2026-04-30 38:31:0
2023Q1_day4,analyst bullish ratio,-0.074255591,2026-04-30 38:31:0
2023Q1_day5,analyst bearish ratio,-0.022330029,2026-04-30 38:31:0
2023Q1_day5,analyst coverage,0.186201629,2026-04-30 38:31:0
2023Q1_day5,analyst rating momentum,0.0533103,2026-04-30 38:31:0
2023Q1_day5,analyst positive momentum,-0.400603308,2026-04-30 38:31:0
2023Q1_day5,analyst price target upside,0.22603957,2026-04-30 38:31:0
2023Q1_day5,reaction days,0.272117149,2026-04-30 38:31:0
2023Q1_day5,cortex sentiment,-0.164125731,2026-04-30 38:31:0
2023Q1_day5,earnings surprise pct,1.448468435,2026-04-30 38:31:0
2023Q1_day5,actual eps,1.300353293,2026-04-30 38:31:0
2023Q1_day5,operating margin,0.137754024,2026-04-30 38:31:0
2023Q1_day5,guidance surprise pct,0.757900573,2026-04-30 38:31:0
2023Q1_day5,guidance eps,-0.19657656,2026-04-30 38:31:0
2023Q1_day5,china rev yoy,0.128885466,2026-04-30 38:31:0
2023Q1_day5,revenue qoq,0.062306306,2026-04-30 38:31:0
2023Q1_day5,beta sp500,0.081473651,2026-04-30 38:31:0
2023Q1_day5,beta sp500 it,-0.383024573,2026-04-30 38:31:0
2023Q1_day5,beta nasdaq,-0.324316962,2026-04-30 38:31:0
2023Q1_day5,cadence return 30d,0.315945856,2026-04-30 38:31:0
2023Q1_day5,siemens return 30d,-0.011866546,2026-04-30 38:31:0
2023Q1_day5,vix,-0.059249651,2026-04-30 38:31:0
2023Q1_day5,vix change 30d,-0.385840812,2026-04-30 38:31:0
2023Q1_day5,high volatility,-0.38512193,2026-04-30 38:31:0
2023Q1_day5,cpi,0.281485142,2026-04-30 38:31:0
2023Q1_day5,unemployment rate,-0.154813418,2026-04-30 38:31:0
2023Q1_day5,analyst sentiment score,-0.442327534,2026-04-30 38:31:0
2023Q1_day5,analyst consensus strength,-0.138682587,2026-04-30 38:31:0
2023Q1_day5,analyst bullish ratio,-0.130348868,2026-04-30 38:31:0
2023Q1_day6,analyst bearish ratio,-0.092751637,2026-04-30 38:31:0
2023Q1_day6,analyst coverage,0.066640131,2026-04-30 38:31:0
2023Q1_day6,analyst rating momentum,-0.143624586,2026-04-30 38:31:0
2023Q1_day6,analyst positive momentum,0.376726838,2026-04-30 38:31:0
2023Q1_day6,analyst price target upside,-0.02892146,2026-04-30 38:31:0
2023Q1_day6,reaction days,0.112625671,2026-04-30 38:31:0
2023Q1_day6,cortex sentiment,-0.763838635,2026-04-30 38:31:0
2023Q1_day6,earnings surprise pct,1.668186731,2026-04-30 38:31:0
2023Q1_day6,actual eps,0.917932866,2026-04-30 38:31:0
2023Q1_day6,operating margin,0.309553362,2026-04-30 38:31:0
2023Q1_day6,guidance surprise pct,-0.091336224,2026-04-30 38:31:0
2023Q1_day6,guidance eps,0.96023016,2026-04-30 38:31:0
2023Q1_day6,china rev yoy,0.266889239,2026-04-30 38:31:0
2023Q1_day6,revenue qoq,0.024685197,2026-04-30 38:31:0
2023Q1_day6,beta sp500,0.319644113,2026-04-30 38:31:0
2023Q1_day6,beta sp500 it,-0.155186535,2026-04-30 38:31:0
2023Q1_day6,beta nasdaq,0.422804232,2026-04-30 38:31:0
2023Q1_day6,cadence return 30d,0.689669437,2026-04-30 38:31:0
2023Q1_day6,siemens return 30d,-0.108851568,2026-04-30 38:31:0
2023Q1_day6,vix,-0.622751261,2026-04-30 38:31:0
2023Q1_day6,vix change 30d,0.326692239,2026-04-30 38:31:0
2023Q1_day6,high volatility,0.389786073,2026-04-30 38:31:0
2023Q1_day6,cpi,-0.156858008,2026-04-30 38:31:0
2023Q1_day6,unemployment rate,-0.126056045,2026-04-30 38:31:0
2023Q1_day6,analyst sentiment score,-0.669070765,2026-04-30 38:31:0
2023Q1_day6,analyst consensus strength,-0.403335153,2026-04-30 38:31:0
2023Q1_day6,analyst bullish ratio,-0.275595584,2026-04-30 38:31:0
2023Q1_day7,analyst bearish ratio,-0.30124223,2026-04-30 38:31:0
2023Q1_day7,analyst coverage,-0.23033927,2026-04-30 38:31:0
2023Q1_day7,analyst rating momentum,-0.010405466,2026-04-30 38:31:0
2023Q1_day7,analyst positive momentum,0.07026442,2026-04-30 38:31:0
2023Q1_day7,analyst price target upside,0.460100099,2026-04-30 38:31:0
2023Q1_day7,reaction days,-0.049670808,2026-04-30 38:31:0
2023Q1_day7,cortex sentiment,0.090593439,2026-04-30 38:31:0
2023Q1_day7,earnings surprise pct,0.671606693,2026-04-30 38:31:0
2023Q1_day7,actual eps,0.770321774,2026-04-30 38:31:0
2023Q1_day7,operating margin,0.202445848,2026-04-30 38:31:0
2023Q1_day7,guidance surprise pct,0.126366787,2026-04-30 38:31:0
2023Q1_day7,guidance eps,1.029445848,2026-04-30 38:31:0
2023Q1_day7,china rev yoy,0.049935662,2026-04-30 38:31:0
2023Q1_day7,revenue qoq,0.147735379,2026-04-30 38:31:0
2023Q1_day7,beta sp500,0.086750593,2026-04-30 38:31:0
2023Q1_day7,beta sp500 it,0.736590042,2026-04-30 38:31:0
2023Q1_day7,beta nasdaq,-0.191321995,2026-04-30 38:31:0
2023Q1_day7,cadence return 30d,-0.159299087,2026-04-30 38:31:0
2023Q1_day7,siemens return 30d,-0.186942158,2026-04-30 38:31:0
2023Q1_day7,vix,-0.67773856,2026-04-30 38:31:0
2023Q1_day7,vix change 30d,-0.718693564,2026-04-30 38:31:0
2023Q1_day7,high volatility,0.194508266,2026-04-30 38:31:0
2023Q1_day7,cpi,0.426151274,2026-04-30 38:31:0
2023Q1_day7,unemployment rate,-0.171223888,2026-04-30 38:31:0
2023Q1_day7,analyst sentiment score,-0.999413344,2026-04-30 38:31:0
2023Q1_day7,analyst consensus strength,0.141424667,2026-04-30 38:31:0
2023Q1_day7,analyst bullish ratio,-0.165666913,2026-04-30 38:31:0
2023Q1_day8,analyst bearish ratio,0.189879545,2026-04-30 38:31:0
2023Q1_day8,analyst coverage,0.060876906,2026-04-30 38:31:0
2023Q1_day8,analyst rating momentum,-0.454723234,2026-04-30 38:31:0
2023Q1_day8,analyst positive momentum,0.46425156,2026-04-30 38:31:0
2023Q1_day8,analyst price target upside,0.509175535,2026-04-30 38:31:0
2023Q1_day8,reaction days,0.027442262,2026-04-30 38:31:0
2023Q1_day8,cortex sentiment,-0.732620936,2026-04-30 38:31:0
2023Q1_day8,earnings surprise pct,0.971519234,2026-04-30 38:31:0
2023Q1_day8,actual eps,1.000674074,2026-04-30 38:31:0
2023Q1_day8,operating margin,0.197563282,2026-04-30 38:31:0
2023Q1_day8,guidance surprise pct,2.006122723,2026-04-30 38:31:0
2023Q1_day8,guidance eps,0.693831664,2026-04-30 38:31:0
2023Q1_day8,china rev yoy,-0.239489173,2026-04-30 38:31:0
2023Q1_day8,revenue qoq,-0.413795768,2026-04-30 38:31:0
2023Q1_day8,beta sp500,-0.219279012,2026-04-30 38:31:0
2023Q1_day8,beta sp500 it,-0.009938092,2026-04-30 38:31:0
2023Q1_day8,beta nasdaq,0.538367359,2026-04-30 38:31:0
2023Q1_day8,cadence return 30d,-0.15528339,2026-04-30 38:31:0
2023Q1_day8,siemens return 30d,0.067136385,2026-04-30 38:31:0
2023Q1_day8,vix,-0.408211448,2026-04-30 38:31:0
2023Q1_day8,vix change 30d,0.194196637,2026-04-30 38:31:0
2023Q1_day8,high volatility,0.863466213,2026-04-30 38:31:0
2023Q1_day8,cpi,-0.159260632,2026-04-30 38:31:0
2023Q1_day8,unemployment rate,-0.146831833,2026-04-30 38:31:0
2023Q1_day8,analyst sentiment score,0.126496526,2026-04-30 38:31:0
2023Q1_day8,analyst consensus strength,0.204567447,2026-04-30 38:31:0
2023Q1_day8,analyst bullish ratio,0.554012198,2026-04-30 38:31:0
2023Q1_day9,analyst bearish ratio,0.175178456,2026-04-30 38:31:0
2023Q1_day9,analyst coverage,-0.107787627,2026-04-30 38:31:0
2023Q1_day9,analyst rating momentum,0.177196449,2026-04-30 38:31:0
2023Q1_day9,analyst positive momentum,0.332611074,2026-04-30 38:31:0
2023Q1_day9,analyst price target upside,0.314096436,2026-04-30 38:31:0
2023Q1_day9,reaction days,0.251454806,2026-04-30 38:31:0
2023Q1_day9,cortex sentiment,0.140004814,2026-04-30 38:31:0
2023Q1_day9,earnings surprise pct,1.501577354,2026-04-30 38:31:0
2023Q1_day9,actual eps,1.629295395,2026-04-30 38:31:0
2023Q1_day9,operating margin,0.194612966,2026-04-30 38:31:0
2023Q1_day9,guidance surprise pct,0.699729152,2026-04-30 38:31:0
2023Q1_day9,guidance eps,0.888028212,2026-04-30 38:31:0
2023Q1_day9,china rev yoy,0.36195269,2026-04-30 38:31:0
2023Q1_day9,revenue qoq,-0.245080701,2026-04-30 38:31:0
2023Q1_day9,beta sp500,0.110601993,2026-04-30 38:31:0
2023Q1_day9,beta sp500 it,-0.118001644,2026-04-30 38:31:0
2023Q1_day9,beta nasdaq,0.008623447,2026-04-30 38:31:0
2023Q1_day9,cadence return 30d,0.383535559,2026-04-30 38:31:0
2023Q1_day9,siemens return 30d,0.05732972,2026-04-30 38:31:0
2023Q1_day9,vix,-0.376781726,2026-04-30 38:31:0
2023Q1_day9,vix change 30d,-1.07992807,2026-04-30 38:31:0
2023Q1_day9,high volatility,-0.026873217,2026-04-30 38:31:0
2023Q1_day9,cpi,0.193645254,2026-04-30 38:31:0
2023Q1_day9,unemployment rate,0.648976417,2026-04-30 38:31:0
2023Q1_day9,analyst sentiment score,-0.684666941,2026-04-30 38:31:0
2023Q1_day9,analyst consensus strength,0.065745098,2026-04-30 38:31:0
2023Q1_day9,analyst bullish ratio,0.074815105,2026-04-30 38:31:0
2023Q1_day10,analyst bearish ratio,0.473235984,2026-04-30 38:31:0
2023Q1_day10,analyst coverage,-0.02858866,2026-04-30 38:31:0
2023Q1_day10,analyst rating momentum,0.083706458,2026-04-30 38:31:0
2023Q1_day10,analyst positive momentum,0.182368953,2026-04-30 38:31:0
2023Q1_day10,analyst price target upside,0.187321825,2026-04-30 38:31:0
2023Q1_day10,reaction days,0.060713277,2026-04-30 38:31:0
2023Q1_day10,cortex sentiment,-0.383546004,2026-04-30 38:31:0
2023Q1_day10,earnings surprise pct,1.44417905,2026-04-30 38:31:0
2023Q1_day10,actual eps,0.18409082,2026-04-30 38:31:0
2023Q1_day10,operating margin,0.039890902,2026-04-30 38:31:0
2023Q1_day10,guidance surprise pct,0.379927511,2026-04-30 38:31:0
2023Q1_day10,guidance eps,1.517027977,2026-04-30 38:31:0
2023Q1_day10,china rev yoy,-0.456956071,2026-04-30 38:31:0
2023Q1_day10,revenue qoq,-0.167676554,2026-04-30 38:31:0
2023Q1_day10,beta sp500,0.113163563,2026-04-30 38:31:0
2023Q1_day10,beta sp500 it,0.469657209,2026-04-30 38:31:0
2023Q1_day10,beta nasdaq,-0.019725078,2026-04-30 38:31:0
2023Q1_day10,cadence return 30d,-0.166559858,2026-04-30 38:31:0
2023Q1_day10,siemens return 30d,0.564347121,2026-04-30 38:31:0
2023Q1_day10,vix,-1.12400695,2026-04-30 38:31:0
2023Q1_day10,vix change 30d,-1.499402978,2026-04-30 38:31:0
2023Q1_day10,high volatility,-0.179992775,2026-04-30 38:31:0
2023Q1_day10,cpi,-0.150616267,2026-04-30 38:31:0
2023Q1_day10,unemployment rate,-0.306369845,2026-04-30 38:31:0
2023Q1_day10,analyst sentiment score,-0.074986132,2026-04-30 38:31:0
2023Q1_day10,analyst consensus strength,0.073140214,2026-04-30 38:31:0
2023Q1_day10,analyst bullish ratio,-0.169223589,2026-04-30 38:31:0
2023Q2_day1,analyst bearish ratio,-0.38409132,2026-04-30 38:31:0
2023Q2_day1,analyst coverage,0.261737198,2026-04-30 38:31:0
2023Q2_day1,analyst rating momentum,0.195060353,2026-04-30 38:31:0
2023Q2_day1,analyst positive momentum,-0.029752759,2026-04-30 38:31:0
2023Q2_day1,analyst price target upside,0.519327399,2026-04-30 38:31:0
2023Q2_day1,reaction days,-0.064016953,2026-04-30 38:31:0
2023Q2_day1,cortex sentiment,-1.415315103,2026-04-30 38:31:0
2023Q2_day1,earnings surprise pct,0.384855158,2026-04-30 38:31:0
2023Q2_day1,actual eps,0.77264839,2026-04-30 38:31:0
2023Q2_day1,operating margin,0.073001835,2026-04-30 38:31:0
2023Q2_day1,guidance surprise pct,0.655258365,2026-04-30 38:31:0
2023Q2_day1,guidance eps,1.011233238,2026-04-30 38:31:0
2023Q2_day1,china rev yoy,-0.375461827,2026-04-30 38:31:0
2023Q2_day1,revenue qoq,0.433129381,2026-04-30 38:31:0
2023Q2_day1,beta sp500,-0.024645354,2026-04-30 38:31:0
2023Q2_day1,beta sp500 it,0.335188749,2026-04-30 38:31:0
2023Q2_day1,beta nasdaq,0.102817604,2026-04-30 38:31:0
2023Q2_day1,cadence return 30d,0.137025966,2026-04-30 38:31:0
2023Q2_day1,siemens return 30d,0.170930184,2026-04-30 38:31:0
2023Q2_day1,vix,-0.17614572,2026-04-30 38:31:0
2023Q2_day1,vix change 30d,-0.07863862,2026-04-30 38:31:0
2023Q2_day1,high volatility,0.264576265,2026-04-30 38:31:0
2023Q2_day1,cpi,0.058956351,2026-04-30 38:31:0
2023Q2_day1,unemployment rate,0.212701127,2026-04-30 38:31:0
2023Q2_day1,analyst sentiment score,-0.553841417,2026-04-30 38:31:0
2023Q2_day1,analyst consensus strength,0.432035165,2026-04-30 38:31:0
2023Q2_day1,analyst bullish ratio,-0.202917691,2026-04-30 38:31:0
2023Q2_day2,analyst bearish ratio,0.54028213,2026-04-30 38:31:0
2023Q2_day2,analyst coverage,-0.012047385,2026-04-30 38:31:0
2023Q2_day2,analyst rating momentum,-0.429232531,2026-04-30 38:31:0
2023Q2_day2,analyst positive momentum,0.038431324,2026-04-30 38:31:0
2023Q2_day2,analyst price target upside,0.013789669,2026-04-30 38:31:0
2023Q2_day2,reaction days,0.31812871,2026-04-30 38:31:0
2023Q2_day2,cortex sentiment,-0.891574388,2026-04-30 38:31:0
2023Q2_day2,earnings surprise pct,0.53228994,2026-04-30 38:31:0
2023Q2_day2,actual eps,-0.333724439,2026-04-30 38:31:0
2023Q2_day2,operating margin,-0.135691896,2026-04-30 38:31:0
2023Q2_day2,guidance surprise pct,-0.654327596,2026-04-30 38:31:0
2023Q2_day2,guidance eps,-0.150341694,2026-04-30 38:31:0
2023Q2_day2,china rev yoy,0.228124397,2026-04-30 38:31:0
2023Q2_day2,revenue qoq,0.235740048,2026-04-30 38:31:0
2023Q2_day2,beta sp500,0.127637269,2026-04-30 38:31:0
2023Q2_day2,beta sp500 it,-0.290092843,2026-04-30 38:31:0
2023Q2_day2,beta nasdaq,-0.014313407,2026-04-30 38:31:0
2023Q2_day2,cadence return 30d,-0.001080762,2026-04-30 38:31:0
2023Q2_day2,siemens return 30d,-0.347509407,2026-04-30 38:31:0
2023Q2_day2,vix,0.351699151,2026-04-30 38:31:0
2023Q2_day2,vix change 30d,0.038681145,2026-04-30 38:31:0
2023Q2_day2,high volatility,-0.510482087,2026-04-30 38:31:0
2023Q2_day2,cpi,0.008065752,2026-04-30 38:31:0
2023Q2_day2,unemployment rate,0.062514842,2026-04-30 38:31:0
2023Q2_day2,analyst sentiment score,-1.725040921,2026-04-30 38:31:0
2023Q2_day2,analyst consensus strength,-0.074153215,2026-04-30 38:31:0
2023Q2_day2,analyst bullish ratio,-0.204595274,2026-04-30 38:31:0
2023Q2_day3,analyst bearish ratio,-0.300486003,2026-04-30 38:31:0
2023Q2_day3,analyst coverage,-0.084330088,2026-04-30 38:31:0
2023Q2_day3,analyst rating momentum,0.539305958,2026-04-30 38:31:0
2023Q2_day3,analyst positive momentum,0.192252858,2026-04-30 38:31:0
2023Q2_day3,analyst price target upside,0.035764202,2026-04-30 38:31:0
2023Q2_day3,reaction days,0.264516556,2026-04-30 38:31:0
2023Q2_day3,cortex sentiment,0.339613262,2026-04-30 38:31:0
2023Q2_day3,earnings surprise pct,1.35478021,2026-04-30 38:31:0
2023Q2_day3,actual eps,0.835778222,2026-04-30 38:31:0
2023Q2_day3,operating margin,-0.194081033,2026-04-30 38:31:0
2023Q2_day3,guidance surprise pct,1.218933988,2026-04-30 38:31:0
2023Q2_day3,guidance eps,1.036091231,2026-04-30 38:31:0
2023Q2_day3,china rev yoy,0.268557966,2026-04-30 38:31:0
2023Q2_day3,revenue qoq,0.190551541,2026-04-30 38:31:0
2023Q2_day3,beta sp500,0.314865815,2026-04-30 38:31:0
2023Q2_day3,beta sp500 it,-0.160570563,2026-04-30 38:31:0
2023Q2_day3,beta nasdaq,0.39521822,2026-04-30 38:31:0
2023Q2_day3,cadence return 30d,0.059279881,2026-04-30 38:31:0
2023Q2_day3,siemens return 30d,0.622578262,2026-04-30 38:31:0
2023Q2_day3,vix,-0.744593909,2026-04-30 38:31:0
2023Q2_day3,vix change 30d,0.467981902,2026-04-30 38:31:0
2023Q2_day3,high volatility,-0.301044608,2026-04-30 38:31:0
2023Q2_day3,cpi,-0.195425401,2026-04-30 38:31:0
2023Q2_day3,unemployment rate,-0.14516575,2026-04-30 38:31:0
2023Q2_day3,analyst sentiment score,-0.692208385,2026-04-30 38:31:0
2023Q2_day3,analyst consensus strength,0.127249784,2026-04-30 38:31:0
2023Q2_day3,analyst bullish ratio,0.156850646,2026-04-30 38:31:0
2023Q2_day4,analyst bearish ratio,-0.172110001,2026-04-30 38:31:0
2023Q2_day4,analyst coverage,-0.007306378,2026-04-30 38:31:0
2023Q2_day4,analyst rating momentum,0.642681108,2026-04-30 38:31:0
2023Q2_day4,analyst positive momentum,0.518262951,2026-04-30 38:31:0
2023Q2_day4,analyst price target upside,0.237264734,2026-04-30 38:31:0
2023Q2_day4,reaction days,0.157600696,2026-04-30 38:31:0
2023Q2_day4,cortex sentiment,-0.427981204,2026-04-30 38:31:0
2023Q2_day4,earnings surprise pct,1.168110784,2026-04-30 38:31:0
2023Q2_day4,actual eps,0.186324461,2026-04-30 38:31:0
2023Q2_day4,operating margin,-0.077212961,2026-04-30 38:31:0
2023Q2_day4,guidance surprise pct,-0.201150444,2026-04-30 38:31:0
2023Q2_day4,guidance eps,1.039533874,2026-04-30 38:31:0
2023Q2_day4,china rev yoy,0.194158782,2026-04-30 38:31:0
2023Q2_day4,revenue qoq,-0.144955939,2026-04-30 38:31:0
2023Q2_day4,beta sp500,0.472196029,2026-04-30 38:31:0
2023Q2_day4,beta sp500 it,-0.367729699,2026-04-30 38:31:0
2023Q2_day4,beta nasdaq,-0.439312464,2026-04-30 38:31:0
2023Q2_day4,cadence return 30d,0.067335546,2026-04-30 38:31:0
2023Q2_day4,siemens return 30d,0.314129491,2026-04-30 38:31:0
2023Q2_day4,vix,0.441963846,2026-04-30 38:31:0
2023Q2_day4,vix change 30d,-0.629442131,2026-04-30 38:31:0
2023Q2_day4,high volatility,0.139340417,2026-04-30 38:31:0
2023Q2_day4,cpi,-0.011552541,2026-04-30 38:31:0
2023Q2_day4,unemployment rate,-0.05178819,2026-04-30 38:31:0
2023Q2_day4,analyst sentiment score,0.030195962,2026-04-30 38:31:0
2023Q2_day4,analyst consensus strength,0.195696864,2026-04-30 38:31:0
2023Q2_day4,analyst bullish ratio,-0.472917647,2026-04-30 38:31:0
2023Q2_day5,analyst bearish ratio,0.442962105,2026-04-30 38:31:0
2023Q2_day5,analyst coverage,0.414027406,2026-04-30 38:31:0
2023Q2_day5,analyst rating momentum,-0.18766881,2026-04-30 38:31:0
2023Q2_day5,analyst positive momentum,0.11874106,2026-04-30 38:31:0
2023Q2_day5,analyst price target upside,0.248806037,2026-04-30 38:31:0
2023Q2_day5,reaction days,0.202134753,2026-04-30 38:31:0
2023Q2_day5,cortex sentiment,-0.830183092,2026-04-30 38:31:0
2023Q2_day5,earnings surprise pct,0.397025979,2026-04-30 38:31:0
2023Q2_day5,actual eps,0.784667557,2026-04-30 38:31:0
2023Q2_day5,operating margin,0.351818706,2026-04-30 38:31:0
2023Q2_day5,guidance surprise pct,1.126160093,2026-04-30 38:31:0
2023Q2_day5,guidance eps,0.577631401,2026-04-30 38:31:0
2023Q2_day5,china rev yoy,0.231509613,2026-04-30 38:31:0
2023Q2_day5,revenue qoq,-0.854562786,2026-04-30 38:31:0
2023Q2_day5,beta sp500,0.34462971,2026-04-30 38:31:0
2023Q2_day5,beta sp500 it,-0.521914134,2026-04-30 38:31:0
2023Q2_day5,beta nasdaq,-0.108732282,2026-04-30 38:31:0
2023Q2_day5,cadence return 30d,-0.335900968,2026-04-30 38:31:0
2023Q2_day5,siemens return 30d,-0.388404443,2026-04-30 38:31:0
2023Q2_day5,vix,0.180413394,2026-04-30 38:31:0
2023Q2_day5,vix change 30d,-0.633850601,2026-04-30 38:31:0
2023Q2_day5,high volatility,-0.226748059,2026-04-30 38:31:0
2023Q2_day5,cpi,-0.014076174,2026-04-30 38:31:0
2023Q2_day5,unemployment rate,0.143112248,2026-04-30 38:31:0
2023Q2_day5,analyst sentiment score,-0.453906865,2026-04-30 38:31:0
2023Q2_day5,analyst consensus strength,-0.384897667,2026-04-30 38:31:0
2023Q2_day5,analyst bullish ratio,0.298880046,2026-04-30 38:31:0
2023Q2_day6,analyst bearish ratio,-0.148126975,2026-04-30 38:31:0
2023Q2_day6,analyst coverage,-0.46697457,2026-04-30 38:31:0
2023Q2_day6,analyst rating momentum,-0.128434548,2026-04-30 38:31:0
2023Q2_day6,analyst positive momentum,0.450227937,2026-04-30 38:31:0
2023Q2_day6,analyst price target upside,0.320044348,2026-04-30 38:31:0
2023Q2_day6,reaction days,0.080269573,2026-04-30 38:31:0
2023Q2_day6,cortex sentiment,-0.709554623,2026-04-30 38:31:0
2023Q2_day6,earnings surprise pct,0.607018969,2026-04-30 38:31:0
2023Q2_day6,actual eps,2.04604879,2026-04-30 38:31:0
2023Q2_day6,operating margin,0.114580636,2026-04-30 38:31:0
2023Q2_day6,guidance surprise pct,1.058024988,2026-04-30 38:31:0
2023Q2_day6,guidance eps,1.418170072,2026-04-30 38:31:0
2023Q2_day6,china rev yoy,0.071636748,2026-04-30 38:31:0
2023Q2_day6,revenue qoq,-0.077712644,2026-04-30 38:31:0
2023Q2_day6,beta sp500,-0.058904955,2026-04-30 38:31:0
2023Q2_day6,beta sp500 it,-0.021480378,2026-04-30 38:31:0
2023Q2_day6,beta nasdaq,-0.011166671,2026-04-30 38:31:0
2023Q2_day6,cadence return 30d,0.218288863,2026-04-30 38:31:0
2023Q2_day6,siemens return 30d,0.015583766,2026-04-30 38:31:0
2023Q2_day6,vix,-0.033679961,2026-04-30 38:31:0
2023Q2_day6,vix change 30d,-0.44035829,2026-04-30 38:31:0
2023Q2_day6,high volatility,-0.360682405,2026-04-30 38:31:0
2023Q2_day6,cpi,-0.599460205,2026-04-30 38:31:0
2023Q2_day6,unemployment rate,0.274898302,2026-04-30 38:31:0
2023Q2_day6,analyst sentiment score,-0.292106914,2026-04-30 38:31:0
2023Q2_day6,analyst consensus strength,0.299403033,2026-04-30 38:31:0
2023Q2_day6,analyst bullish ratio,-0.868876613,2026-04-30 38:31:0
2023Q2_day7,analyst bearish ratio,0.626512411,2026-04-30 38:31:0
2023Q2_day7,analyst coverage,-0.041876888,2026-04-30 38:31:0
2023Q2_day7,analyst rating momentum,0.332454845,2026-04-30 38:31:0
2023Q2_day7,analyst positive momentum,-0.311971778,2026-04-30 38:31:0
2023Q2_day7,analyst price target upside,0.272554781,2026-04-30 38:31:0
2023Q2_day7,reaction days,-0.060683113,2026-04-30 38:31:0
2023Q2_day7,cortex sentiment,-0.874261376,2026-04-30 38:31:0
2023Q2_day7,earnings surprise pct,1.948418812,2026-04-30 38:31:0
2023Q2_day7,actual eps,0.68559056,2026-04-30 38:31:0
2023Q2_day7,operating margin,0.065229862,2026-04-30 38:31:0
2023Q2_day7,guidance surprise pct,1.322040638,2026-04-30 38:31:0
2023Q2_day7,guidance eps,1.097409133,2026-04-30 38:31:0
2023Q2_day7,china rev yoy,0.045125672,2026-04-30 38:31:0
2023Q2_day7,revenue qoq,0.109488301,2026-04-30 38:31:0
2023Q2_day7,beta sp500,0.721024676,2026-04-30 38:31:0
2023Q2_day7,beta sp500 it,-0.017285639,2026-04-30 38:31:0
2023Q2_day7,beta nasdaq,0.060329714,2026-04-30 38:31:0
2023Q2_day7,cadence return 30d,0.315196319,2026-04-30 38:31:0
2023Q2_day7,siemens return 30d,0.33165778,2026-04-30 38:31:0
2023Q2_day7,vix,0.193515153,2026-04-30 38:31:0
2023Q2_day7,vix change 30d,-0.080634889,2026-04-30 38:31:0
2023Q2_day7,high volatility,-0.971502456,2026-04-30 38:31:0
2023Q2_day7,cpi,0.49002946,2026-04-30 38:31:0
2023Q2_day7,unemployment rate,-0.343903618,2026-04-30 38:31:0
2023Q2_day7,analyst sentiment score,-0.318418721,2026-04-30 38:31:0
2023Q2_day7,analyst consensus strength,-0.226282755,2026-04-30 38:31:0
2023Q2_day7,analyst bullish ratio,-0.019241504,2026-04-30 38:31:0
2023Q2_day8,analyst bearish ratio,0.098628723,2026-04-30 38:31:0
2023Q2_day8,analyst coverage,0.096407165,2026-04-30 38:31:0
2023Q2_day8,analyst rating momentum,0.126576226,2026-04-30 38:31:0
2023Q2_day8,analyst positive momentum,0.484113381,2026-04-30 38:31:0
2023Q2_day8,analyst price target upside,0.24070686,2026-04-30 38:31:0
2023Q2_day8,reaction days,0.101168673,2026-04-30 38:31:0
2023Q2_day8,cortex sentiment,0.078452301,2026-04-30 38:31:0
2023Q2_day8,earnings surprise pct,1.513682293,2026-04-30 38:31:0
2023Q2_day8,actual eps,0.063435311,2026-04-30 38:31:0
2023Q2_day8,operating margin,0.179220021,2026-04-30 38:31:0
2023Q2_day8,guidance surprise pct,1.220703645,2026-04-30 38:31:0
2023Q2_day8,guidance eps,0.621461898,2026-04-30 38:31:0
2023Q2_day8,china rev yoy,0.412712044,2026-04-30 38:31:0
2023Q2_day8,revenue qoq,-0.045016676,2026-04-30 38:31:0
2023Q2_day8,beta sp500,0.037672936,2026-04-30 38:31:0
2023Q2_day8,beta sp500 it,-0.051921547,2026-04-30 38:31:0
2023Q2_day8,beta nasdaq,0.004673714,2026-04-30 38:31:0
2023Q2_day8,cadence return 30d,-0.328882526,2026-04-30 38:31:0
2023Q2_day8,siemens return 30d,-0.432015265,2026-04-30 38:31:0
2023Q2_day8,vix,0.397252532,2026-04-30 38:31:0
2023Q2_day8,vix change 30d,-0.823480674,2026-04-30 38:31:0
2023Q2_day8,high volatility,-0.895696175,2026-04-30 38:31:0
2023Q2_day8,cpi,-0.646017034,2026-04-30 38:31:0
2023Q2_day8,unemployment rate,-0.191688524,2026-04-30 38:31:0
2023Q2_day8,analyst sentiment score,-1.293853876,2026-04-30 38:31:0
2023Q2_day8,analyst consensus strength,0.492604548,2026-04-30 38:31:0
2023Q2_day8,analyst bullish ratio,0.302945127,2026-04-30 38:31:0
2023Q2_day9,analyst bearish ratio,-0.206445104,2026-04-30 38:31:0
2023Q2_day9,analyst coverage,0.675730742,2026-04-30 38:31:0
2023Q2_day9,analyst rating momentum,0.294529646,2026-04-30 38:31:0
2023Q2_day9,analyst positive momentum,-0.097449415,2026-04-30 38:31:0
2023Q2_day9,analyst price target upside,-0.349881143,2026-04-30 38:31:0
2023Q2_day9,reaction days,0.608188515,2026-04-30 38:31:0
2023Q2_day9,cortex sentiment,-1.33374348,2026-04-30 38:31:0
2023Q2_day9,earnings surprise pct,-0.187239248,2026-04-30 38:31:0
2023Q2_day9,actual eps,1.413542259,2026-04-30 38:31:0
2023Q2_day9,operating margin,0.731925722,2026-04-30 38:31:0
2023Q2_day9,guidance surprise pct,1.630563691,2026-04-30 38:31:0
2023Q2_day9,guidance eps,1.138345472,2026-04-30 38:31:0
2023Q2_day9,china rev yoy,0.178426302,2026-04-30 38:31:0
2023Q2_day9,revenue qoq,0.256024668,2026-04-30 38:31:0
2023Q2_day9,beta sp500,0.227678577,2026-04-30 38:31:0
2023Q2_day9,beta sp500 it,0.084357427,2026-04-30 38:31:0
2023Q2_day9,beta nasdaq,0.031260331,2026-04-30 38:31:0
2023Q2_day9,cadence return 30d,-0.018777938,2026-04-30 38:31:0
2023Q2_day9,siemens return 30d,-0.226189377,2026-04-30 38:31:0
2023Q2_day9,vix,-0.540337538,2026-04-30 38:31:0
2023Q2_day9,vix change 30d,-1.246478407,2026-04-30 38:31:0
2023Q2_day9,high volatility,-0.449169813,2026-04-30 38:31:0
2023Q2_day9,cpi,-0.296577332,2026-04-30 38:31:0
2023Q2_day9,unemployment rate,-0.331076795,2026-04-30 38:31:0
2023Q2_day9,analyst sentiment score,-0.392063509,2026-04-30 38:31:0
2023Q2_day9,analyst consensus strength,0.417600686,2026-04-30 38:31:0
2023Q2_day9,analyst bullish ratio,0.275494982,2026-04-30 38:31:0
2023Q2_day10,analyst bearish ratio,-0.471150181,2026-04-30 38:31:0
2023Q2_day10,analyst coverage,-0.296888441,2026-04-30 38:31:0
2023Q2_day10,analyst rating momentum,0.282231356,2026-04-30 38:31:0
2023Q2_day10,analyst positive momentum,-0.294746218,2026-04-30 38:31:0
2023Q2_day10,analyst price target upside,0.10507337,2026-04-30 38:31:0
2023Q2_day10,reaction days,0.26001042,2026-04-30 38:31:0
2023Q2_day10,cortex sentiment,-1.081006673,2026-04-30 38:31:0
2023Q2_day10,earnings surprise pct,0.863225304,2026-04-30 38:31:0
2023Q2_day10,actual eps,-0.000415297,2026-04-30 38:31:0
2023Q2_day10,operating margin,-0.180410293,2026-04-30 38:31:0
2023Q2_day10,guidance surprise pct,0.99186916,2026-04-30 38:31:0
2023Q2_day10,guidance eps,-0.15579624,2026-04-30 38:31:0
2023Q2_day10,china rev yoy,0.132142421,2026-04-30 38:31:0
2023Q2_day10,revenue qoq,-0.00589134,2026-04-30 38:31:0
2023Q2_day10,beta sp500,0.165746986,2026-04-30 38:31:0
2023Q2_day10,beta sp500 it,0.06717424,2026-04-30 38:31:0
2023Q2_day10,beta nasdaq,0.409242129,2026-04-30 38:31:0
2023Q2_day10,cadence return 30d,0.037567351,2026-04-30 38:31:0
2023Q2_day10,siemens return 30d,-0.128821662,2026-04-30 38:31:0
2023Q2_day10,vix,-0.338851248,2026-04-30 38:31:0
2023Q2_day10,vix change 30d,-0.128350985,2026-04-30 38:31:0
2023Q2_day10,high volatility,-0.375569965,2026-04-30 38:31:0
2023Q2_day10,cpi,0.012177507,2026-04-30 38:31:0
2023Q2_day10,unemployment rate,-0.210597506,2026-04-30 38:31:0
2023Q2_day10,analyst sentiment score,-0.897740551,2026-04-30 38:31:0
2023Q2_day10,analyst consensus strength,-0.420781582,2026-04-30 38:31:0
2023Q2_day10,analyst bullish ratio,0.524873023,2026-04-30 38:31:0
2023Q3_day1,analyst bearish ratio,-0.373158971,2026-04-30 38:31:0
2023Q3_day1,analyst coverage,-0.207871559,2026-04-30 38:31:0
2023Q3_day1,analyst rating momentum,-0.21552218,2026-04-30 38:31:0
2023Q3_day1,analyst positive momentum,0.268477313,2026-04-30 38:31:0
2023Q3_day1,analyst price target upside,0.091010064,2026-04-30 38:31:0
2023Q3_day1,reaction days,0.399548415,2026-04-30 38:31:0
2023Q3_day1,cortex sentiment,-0.904094375,2026-04-30 38:31:0
2023Q3_day1,earnings surprise pct,0.967396497,2026-04-30 38:31:0
2023Q3_day1,actual eps,0.298791768,2026-04-30 38:31:0
2023Q3_day1,operating margin,0.643544738,2026-04-30 38:31:0
2023Q3_day1,guidance surprise pct,0.087440949,2026-04-30 38:31:0
2023Q3_day1,guidance eps,0.985892426,2026-04-30 38:31:0
2023Q3_day1,china rev yoy,0.190133064,2026-04-30 38:31:0
2023Q3_day1,revenue qoq,0.124139729,2026-04-30 38:31:0
2023Q3_day1,beta sp500,-0.055586298,2026-04-30 38:31:0
2023Q3_day1,beta sp500 it,-0.03894621,2026-04-30 38:31:0
2023Q3_day1,beta nasdaq,0.013143442,2026-04-30 38:31:0
2023Q3_day1,cadence return 30d,-0.0441006,2026-04-30 38:31:0
2023Q3_day1,siemens return 30d,0.289163735,2026-04-30 38:31:0
2023Q3_day1,vix,0.705261501,2026-04-30 38:31:0
2023Q3_day1,vix change 30d,-0.678745893,2026-04-30 38:31:0
2023Q3_day1,high volatility,-1.08490149,2026-04-30 38:31:0
2023Q3_day1,cpi,-0.026484615,2026-04-30 38:31:0
2023Q3_day1,unemployment rate,0.773912801,2026-04-30 38:31:0
2023Q3_day1,analyst sentiment score,-0.982204741,2026-04-30 38:31:0
2023Q3_day1,analyst consensus strength,0.491735042,2026-04-30 38:31:0
2023Q3_day1,analyst bullish ratio,0.503310244,2026-04-30 38:31:0
2023Q3_day2,analyst bearish ratio,-0.166076473,2026-04-30 38:31:0
2023Q3_day2,analyst coverage,0.170694924,2026-04-30 38:31:0
2023Q3_day2,analyst rating momentum,0.488518987,2026-04-30 38:31:0
2023Q3_day2,analyst positive momentum,-0.113738322,2026-04-30 38:31:0
2023Q3_day2,analyst price target upside,0.109283928,2026-04-30 38:31:0
2023Q3_day2,reaction days,0.033663817,2026-04-30 38:31:0
2023Q3_day2,cortex sentiment,-1.108854038,2026-04-30 38:31:0
2023Q3_day2,earnings surprise pct,0.410433473,2026-04-30 38:31:0
2023Q3_day2,actual eps,0.06563584,2026-04-30 38:31:0
2023Q3_day2,operating margin,0.01022504,2026-04-30 38:31:0
2023Q3_day2,guidance surprise pct,0.338016061,2026-04-30 38:31:0
2023Q3_day2,guidance eps,0.940271547,2026-04-30 38:31:0
2023Q3_day2,china rev yoy,-0.466768694,2026-04-30 38:31:0
2023Q3_day2,revenue qoq,0.09926407,2026-04-30 38:31:0
2023Q3_day2,beta sp500,0.250058688,2026-04-30 38:31:0
2023Q3_day2,beta sp500 it,-0.598120693,2026-04-30 38:31:0
2023Q3_day2,beta nasdaq,0.112216971,2026-04-30 38:31:0
2023Q3_day2,cadence return 30d,0.368300698,2026-04-30 38:31:0
2023Q3_day2,siemens return 30d,-0.362892306,2026-04-30 38:31:0
2023Q3_day2,vix,0.436286193,2026-04-30 38:31:0
2023Q3_day2,vix change 30d,-0.190490495,2026-04-30 38:31:0
2023Q3_day2,high volatility,-0.752505928,2026-04-30 38:31:0
2023Q3_day2,cpi,-0.016730723,2026-04-30 38:31:0
2023Q3_day2,unemployment rate,0.167498074,2026-04-30 38:31:0
2023Q3_day2,analyst sentiment score,-0.454396765,2026-04-30 38:31:0
2023Q3_day2,analyst consensus strength,0.161626798,2026-04-30 38:31:0
2023Q3_day2,analyst bullish ratio,-0.276202078,2026-04-30 38:31:0
2023Q3_day3,analyst bearish ratio,0.050808247,2026-04-30 38:31:0
2023Q3_day3,analyst coverage,-0.424114349,2026-04-30 38:31:0
2023Q3_day3,analyst rating momentum,-0.033367818,2026-04-30 38:31:0
2023Q3_day3,analyst positive momentum,-0.271172292,2026-04-30 38:31:0
2023Q3_day3,analyst price target upside,0.002894011,2026-04-30 38:31:0
2023Q3_day3,reaction days,0.397218635,2026-04-30 38:31:0
2023Q3_day3,cortex sentiment,0.154786072,2026-04-30 38:31:0
2023Q3_day3,earnings surprise pct,1.165482873,2026-04-30 38:31:0
2023Q3_day3,actual eps,0.144612341,2026-04-30 38:31:0
2023Q3_day3,operating margin,-0.094922535,2026-04-30 38:31:0
2023Q3_day3,guidance surprise pct,1.52785862,2026-04-30 38:31:0
2023Q3_day3,guidance eps,0.885030148,2026-04-30 38:31:0
2023Q3_day3,china rev yoy,0.695798862,2026-04-30 38:31:0
2023Q3_day3,revenue qoq,0.117995352,2026-04-30 38:31:0
2023Q3_day3,beta sp500,0.057614735,2026-04-30 38:31:0
2023Q3_day3,beta sp500 it,-0.092734939,2026-04-30 38:31:0
2023Q3_day3,beta nasdaq,0.040062271,2026-04-30 38:31:0
2023Q3_day3,cadence return 30d,-0.045740951,2026-04-30 38:31:0
2023Q3_day3,siemens return 30d,0.212432603,2026-04-30 38:31:0
2023Q3_day3,vix,0.078351158,2026-04-30 38:31:0
2023Q3_day3,vix change 30d,-0.79299473,2026-04-30 38:31:0
2023Q3_day3,high volatility,-1.065616477,2026-04-30 38:31:0
2023Q3_day3,cpi,-0.550861612,2026-04-30 38:31:0
2023Q3_day3,unemployment rate,0.152397398,2026-04-30 38:31:0
2023Q3_day3,analyst sentiment score,-1.162019964,2026-04-30 38:31:0
2023Q3_day3,analyst consensus strength,-0.645867178,2026-04-30 38:31:0
2023Q3_day3,analyst bullish ratio,0.116573581,2026-04-30 38:31:0
2023Q3_day4,analyst bearish ratio,0.747899855,2026-04-30 38:31:0
2023Q3_day4,analyst coverage,-0.001821273,2026-04-30 38:31:0
2023Q3_day4,analyst rating momentum,0.251547232,2026-04-30 38:31:0
2023Q3_day4,analyst positive momentum,0.024548808,2026-04-30 38:31:0
2023Q3_day4,analyst price target upside,0.130222069,2026-04-30 38:31:0
2023Q3_day4,reaction days,0.333815297,2026-04-30 38:31:0
2023Q3_day4,cortex sentiment,-0.674164727,2026-04-30 38:31:0
2023Q3_day4,earnings surprise pct,0.960435388,2026-04-30 38:31:0
2023Q3_day4,actual eps,0.993018684,2026-04-30 38:31:0
2023Q3_day4,operating margin,-0.200427136,2026-04-30 38:31:0
2023Q3_day4,guidance surprise pct,1.39522541,2026-04-30 38:31:0
2023Q3_day4,guidance eps,0.695024146,2026-04-30 38:31:0
2023Q3_day4,china rev yoy,-0.226723548,2026-04-30 38:31:0
2023Q3_day4,revenue qoq,0.160952953,2026-04-30 38:31:0
2023Q3_day4,beta sp500,-0.269540395,2026-04-30 38:31:0
2023Q3_day4,beta sp500 it,0.008454347,2026-04-30 38:31:0
2023Q3_day4,beta nasdaq,-0.002735699,2026-04-30 38:31:0
2023Q3_day4,cadence return 30d,0.32576867,2026-04-30 38:31:0
2023Q3_day4,siemens return 30d,0.14240947,2026-04-30 38:31:0
2023Q3_day4,vix,-0.412513479,2026-04-30 38:31:0
2023Q3_day4,vix change 30d,0.00888315,2026-04-30 38:31:0
2023Q3_day4,high volatility,0.295103775,2026-04-30 38:31:0
2023Q3_day4,cpi,0.167343092,2026-04-30 38:31:0
2023Q3_day4,unemployment rate,0.003105786,2026-04-30 38:31:0
2023Q3_day4,analyst sentiment score,-1.287101739,2026-04-30 38:31:0
2023Q3_day4,analyst consensus strength,-0.319534099,2026-04-30 38:31:0
2023Q3_day4,analyst bullish ratio,-0.091567411,2026-04-30 38:31:0
2023Q3_day5,analyst bearish ratio,-0.182853661,2026-04-30 38:31:0
2023Q3_day5,analyst coverage,-0.056091391,2026-04-30 38:31:0
2023Q3_day5,analyst rating momentum,0.016994977,2026-04-30 38:31:0
2023Q3_day5,analyst positive momentum,0.158907826,2026-04-30 38:31:0
2023Q3_day5,analyst price target upside,0.135900244,2026-04-30 38:31:0
2023Q3_day5,reaction days,0.247300329,2026-04-30 38:31:0
2023Q3_day5,cortex sentiment,-0.461315351,2026-04-30 38:31:0
2023Q3_day5,earnings surprise pct,-0.38527994,2026-04-30 38:31:0
2023Q3_day5,actual eps,0.236398764,2026-04-30 38:31:0
2023Q3_day5,operating margin,-0.043226267,2026-04-30 38:31:0
2023Q3_day5,guidance surprise pct,0.074183154,2026-04-30 38:31:0
2023Q3_day5,guidance eps,1.159957238,2026-04-30 38:31:0
2023Q3_day5,china rev yoy,0.45922525,2026-04-30 38:31:0
2023Q3_day5,revenue qoq,0.365628556,2026-04-30 38:31:0
2023Q3_day5,beta sp500,-0.064032861,2026-04-30 38:31:0
2023Q3_day5,beta sp500 it,0.447217841,2026-04-30 38:31:0
2023Q3_day5,beta nasdaq,0.044600237,2026-04-30 38:31:0
2023Q3_day5,cadence return 30d,-0.101125791,2026-04-30 38:31:0
2023Q3_day5,siemens return 30d,-0.184020799,2026-04-30 38:31:0
2023Q3_day5,vix,-0.551234843,2026-04-30 38:31:0
2023Q3_day5,vix change 30d,-0.594088409,2026-04-30 38:31:0
2023Q3_day5,high volatility,-0.314791889,2026-04-30 38:31:0
2023Q3_day5,cpi,0.048172194,2026-04-30 38:31:0
2023Q3_day5,unemployment rate,0.000913806,2026-04-30 38:31:0
2023Q3_day5,analyst sentiment score,-0.237837098,2026-04-30 38:31:0
2023Q3_day5,analyst consensus strength,0.357193882,2026-04-30 38:31:0
2023Q3_day5,analyst bullish ratio,0.284866241,2026-04-30 38:31:0
2023Q3_day6,analyst bearish ratio,-0.445469391,2026-04-30 38:31:0
2023Q3_day6,analyst coverage,-0.76617634,2026-04-30 38:31:0
2023Q3_day6,analyst rating momentum,0.280295973,2026-04-30 38:31:0
2023Q3_day6,analyst positive momentum,-0.41006361,2026-04-30 38:31:0
2023Q3_day6,analyst price target upside,0.10504692,2026-04-30 38:31:0
2023Q3_day6,reaction days,-0.084022605,2026-04-30 38:31:0
2023Q3_day6,cortex sentiment,-1.581188263,2026-04-30 38:31:0
2023Q3_day6,earnings surprise pct,1.124877637,2026-04-30 38:31:0
2023Q3_day6,actual eps,1.255493096,2026-04-30 38:31:0
2023Q3_day6,operating margin,-0.17295312,2026-04-30 38:31:0
2023Q3_day6,guidance surprise pct,-0.754625375,2026-04-30 38:31:0
2023Q3_day6,guidance eps,0.472253331,2026-04-30 38:31:0
2023Q3_day6,china rev yoy,0.117541202,2026-04-30 38:31:0
2023Q3_day6,revenue qoq,-0.443673471,2026-04-30 38:31:0
2023Q3_day6,beta sp500,0.055007976,2026-04-30 38:31:0
2023Q3_day6,beta sp500 it,-0.004592955,2026-04-30 38:31:0
2023Q3_day6,beta nasdaq,0.17378745,2026-04-30 38:31:0
2023Q3_day6,cadence return 30d,0.035874111,2026-04-30 38:31:0
2023Q3_day6,siemens return 30d,-0.291920682,2026-04-30 38:31:0
2023Q3_day6,vix,0.198285751,2026-04-30 38:31:0
2023Q3_day6,vix change 30d,-0.479264787,2026-04-30 38:31:0
2023Q3_day6,high volatility,-0.41365227,2026-04-30 38:31:0
2023Q3_day6,cpi,-0.279980388,2026-04-30 38:31:0
2023Q3_day6,unemployment rate,-0.132984675,2026-04-30 38:31:0
2023Q3_day6,analyst sentiment score,-1.030881628,2026-04-30 38:31:0
2023Q3_day6,analyst consensus strength,-0.051883818,2026-04-30 38:31:0
2023Q3_day6,analyst bullish ratio,0.513512544,2026-04-30 38:31:0
2023Q3_day7,analyst bearish ratio,-0.411570343,2026-04-30 38:31:0
2023Q3_day7,analyst coverage,-0.484068419,2026-04-30 38:31:0
2023Q3_day7,analyst rating momentum,0.441351098,2026-04-30 38:31:0
2023Q3_day7,analyst positive momentum,-0.062797103,2026-04-30 38:31:0
2023Q3_day7,analyst price target upside,0.016185452,2026-04-30 38:31:0
2023Q3_day7,reaction days,0.357980937,2026-04-30 38:31:0
2023Q3_day7,cortex sentiment,-0.863369324,2026-04-30 38:31:0
2023Q3_day7,earnings surprise pct,1.895605828,2026-04-30 38:31:0
2023Q3_day7,actual eps,1.206755523,2026-04-30 38:31:0
2023Q3_day7,operating margin,-0.146373422,2026-04-30 38:31:0
2023Q3_day7,guidance surprise pct,2.094384928,2026-04-30 38:31:0
2023Q3_day7,guidance eps,0.436571046,2026-04-30 38:31:0
2023Q3_day7,china rev yoy,0.222628612,2026-04-30 38:31:0
2023Q3_day7,revenue qoq,0.089787774,2026-04-30 38:31:0
2023Q3_day7,beta sp500,0.390522387,2026-04-30 38:31:0
2023Q3_day7,beta sp500 it,0.468453359,2026-04-30 38:31:0
2023Q3_day7,beta nasdaq,0.009601245,2026-04-30 38:31:0
2023Q3_day7,cadence return 30d,-0.226025361,2026-04-30 38:31:0
2023Q3_day7,siemens return 30d,0.137991643,2026-04-30 38:31:0
2023Q3_day7,vix,-0.738857685,2026-04-30 38:31:0
2023Q3_day7,vix change 30d,0.606693624,2026-04-30 38:31:0
2023Q3_day7,high volatility,-0.331732334,2026-04-30 38:31:0
2023Q3_day7,cpi,-0.109596465,2026-04-30 38:31:0
2023Q3_day7,unemployment rate,0.055404092,2026-04-30 38:31:0
2023Q3_day7,analyst sentiment score,-1.308275774,2026-04-30 38:31:0
2023Q3_day7,analyst consensus strength,-0.291484212,2026-04-30 38:31:0
2023Q3_day7,analyst bullish ratio,0.360124172,2026-04-30 38:31:0
2023Q3_day8,analyst bearish ratio,-0.197068284,2026-04-30 38:31:0
2023Q3_day8,analyst coverage,-0.314073295,2026-04-30 38:31:0
2023Q3_day8,analyst rating momentum,0.160995826,2026-04-30 38:31:0
2023Q3_day8,analyst positive momentum,0.355711246,2026-04-30 38:31:0
2023Q3_day8,analyst price target upside,0.293790662,2026-04-30 38:31:0
2023Q3_day8,reaction days,0.349209537,2026-04-30 38:31:0
2023Q3_day8,cortex sentiment,-0.954077053,2026-04-30 38:31:0
2023Q3_day8,earnings surprise pct,-0.0530864,2026-04-30 38:31:0
2023Q3_day8,actual eps,1.700800191,2026-04-30 38:31:0
2023Q3_day8,operating margin,-0.096803952,2026-04-30 38:31:0
2023Q3_day8,guidance surprise pct,0.64950019,2026-04-30 38:31:0
2023Q3_day8,guidance eps,1.596916485,2026-04-30 38:31:0
2023Q3_day8,china rev yoy,0.166869003,2026-04-30 38:31:0
2023Q3_day8,revenue qoq,0.136766332,2026-04-30 38:31:0
2023Q3_day8,beta sp500,0.649500703,2026-04-30 38:31:0
2023Q3_day8,beta sp500 it,-0.193055469,2026-04-30 38:31:0
2023Q3_day8,beta nasdaq,0.278352038,2026-04-30 38:31:0
2023Q3_day8,cadence return 30d,0.017103937,2026-04-30 38:31:0
2023Q3_day8,siemens return 30d,0.080577684,2026-04-30 38:31:0
2023Q3_day8,vix,0.364234213,2026-04-30 38:31:0
2023Q3_day8,vix change 30d,-0.146082122,2026-04-30 38:31:0
2023Q3_day8,high volatility,-0.13085196,2026-04-30 38:31:0
2023Q3_day8,cpi,0.321752201,2026-04-30 38:31:0
2023Q3_day8,unemployment rate,-0.109485819,2026-04-30 38:31:0
2023Q3_day8,analyst sentiment score,-1.0035258,2026-04-30 38:31:0
2023Q3_day8,analyst consensus strength,-0.313442758,2026-04-30 38:31:0
2023Q3_day8,analyst bullish ratio,-0.589906977,2026-04-30 38:31:0
2023Q3_day9,analyst bearish ratio,0.616862139,2026-04-30 38:31:0
2023Q3_day9,analyst coverage,-0.33096251,2026-04-30 38:31:0
2023Q3_day9,analyst rating momentum,-0.066376087,2026-04-30 38:31:0
2023Q3_day9,analyst positive momentum,-0.08304399,2026-04-30 38:31:0
2023Q3_day9,analyst price target upside,0.21148134,2026-04-30 38:31:0
2023Q3_day9,reaction days,0.313147443,2026-04-30 38:31:0
2023Q3_day9,cortex sentiment,0.016284093,2026-04-30 38:31:0
2023Q3_day9,earnings surprise pct,0.450153537,2026-04-30 38:31:0
2023Q3_day9,actual eps,0.699726972,2026-04-30 38:31:0
2023Q3_day9,operating margin,0.084773985,2026-04-30 38:31:0
2023Q3_day9,guidance surprise pct,0.650785324,2026-04-30 38:31:0
2023Q3_day9,guidance eps,1.764407346,2026-04-30 38:31:0
2023Q3_day9,china rev yoy,0.147292485,2026-04-30 38:31:0
2023Q3_day9,revenue qoq,0.220463336,2026-04-30 38:31:0
2023Q3_day9,beta sp500,0.198864381,2026-04-30 38:31:0
2023Q3_day9,beta sp500 it,0.352042157,2026-04-30 38:31:0
2023Q3_day9,beta nasdaq,0.054306468,2026-04-30 38:31:0
2023Q3_day9,cadence return 30d,-0.389049584,2026-04-30 38:31:0
2023Q3_day9,siemens return 30d,0.119906386,2026-04-30 38:31:0
2023Q3_day9,vix,-0.725678447,2026-04-30 38:31:0
2023Q3_day9,vix change 30d,-0.664308341,2026-04-30 38:31:0
2023Q3_day9,high volatility,-0.106817991,2026-04-30 38:31:0
2023Q3_day9,cpi,0.371484921,2026-04-30 38:31:0
2023Q3_day9,unemployment rate,0.006381473,2026-04-30 38:31:0
2023Q3_day9,analyst sentiment score,-0.314700192,2026-04-30 38:31:0
2023Q3_day9,analyst consensus strength,0.510664483,2026-04-30 38:31:0
2023Q3_day9,analyst bullish ratio,0.072225954,2026-04-30 38:31:0
2023Q3_day10,analyst bearish ratio,0.780504934,2026-04-30 38:31:0
2023Q3_day10,analyst coverage,0.169652894,2026-04-30 38:31:0
2023Q3_day10,analyst rating momentum,-0.528228828,2026-04-30 38:31:0
2023Q3_day10,analyst positive momentum,0.226002486,2026-04-30 38:31:0
2023Q3_day10,analyst price target upside,0.226231677,2026-04-30 38:31:0
2023Q3_day10,reaction days,0.407950551,2026-04-30 38:31:0
2023Q3_day10,cortex sentiment,-0.096091189,2026-04-30 38:31:0
2023Q3_day10,earnings surprise pct,0.71692641,2026-04-30 38:31:0
2023Q3_day10,actual eps,0.065421058,2026-04-30 38:31:0
2023Q3_day10,operating margin,-0.062706977,2026-04-30 38:31:0
2023Q3_day10,guidance surprise pct,0.289687727,2026-04-30 38:31:0
2023Q3_day10,guidance eps,0.45168593,2026-04-30 38:31:0
2023Q3_day10,china rev yoy,0.176573521,2026-04-30 38:31:0
2023Q3_day10,revenue qoq,0.500971351,2026-04-30 38:31:0
2023Q3_day10,beta sp500,0.118401459,2026-04-30 38:31:0
2023Q3_day10,beta sp500 it,-0.358764919,2026-04-30 38:31:0
2023Q3_day10,beta nasdaq,0.1333808,2026-04-30 38:31:0
2023Q3_day10,cadence return 30d,0.358989446,2026-04-30 38:31:0
2023Q3_day10,siemens return 30d,-0.182934871,2026-04-30 38:31:0
2023Q3_day10,vix,-0.467008583,2026-04-30 38:31:0
2023Q3_day10,vix change 30d,-0.392655903,2026-04-30 38:31:0
2023Q3_day10,high volatility,-0.792449157,2026-04-30 38:31:0
2023Q3_day10,cpi,0.19448413,2026-04-30 38:31:0
2023Q3_day10,unemployment rate,-0.036284445,2026-04-30 38:31:0
2023Q3_day10,analyst sentiment score,-0.248280534,2026-04-30 38:31:0
2023Q3_day10,analyst consensus strength,-0.266247653,2026-04-30 38:31:0
2023Q3_day10,analyst bullish ratio,-0.13123749,2026-04-30 38:31:0
2023Q4_day1,analyst bearish ratio,0.216714407,2026-04-30 38:31:0
2023Q4_day1,analyst coverage,-0.111849946,2026-04-30 38:31:0
2023Q4_day1,analyst rating momentum,0.518089155,2026-04-30 38:31:0
2023Q4_day1,analyst positive momentum,-0.119890856,2026-04-30 38:31:0
2023Q4_day1,analyst price target upside,0.194936945,2026-04-30 38:31:0
2023Q4_day1,reaction days,0.336518166,2026-04-30 38:31:0
2023Q4_day1,cortex sentiment,-1.35101944,2026-04-30 38:31:0
2023Q4_day1,earnings surprise pct,-0.256485287,2026-04-30 38:31:0
2023Q4_day1,actual eps,-0.115393789,2026-04-30 38:31:0
2023Q4_day1,operating margin,0.378775231,2026-04-30 38:31:0
2023Q4_day1,guidance surprise pct,0.468885112,2026-04-30 38:31:0
2023Q4_day1,guidance eps,2.334919571,2026-04-30 38:31:0
2023Q4_day1,china rev yoy,-0.16927428,2026-04-30 38:31:0
2023Q4_day1,revenue qoq,0.055365391,2026-04-30 38:31:0
2023Q4_day1,beta sp500,0.462632986,2026-04-30 38:31:0
2023Q4_day1,beta sp500 it,0.601827866,2026-04-30 38:31:0
2023Q4_day1,beta nasdaq,0.618451073,2026-04-30 38:31:0
2023Q4_day1,cadence return 30d,0.362509869,2026-04-30 38:31:0
2023Q4_day1,siemens return 30d,0.307218758,2026-04-30 38:31:0
2023Q4_day1,vix,-0.103736525,2026-04-30 38:31:0
2023Q4_day1,vix change 30d,-0.010819462,2026-04-30 38:31:0
2023Q4_day1,high volatility,-0.675592858,2026-04-30 38:31:0
2023Q4_day1,cpi,-0.245459665,2026-04-30 38:31:0
2023Q4_day1,unemployment rate,-0.001012337,2026-04-30 38:31:0
2023Q4_day1,analyst sentiment score,-0.602110774,2026-04-30 38:31:0
2023Q4_day1,analyst consensus strength,-0.135968415,2026-04-30 38:31:0
2023Q4_day1,analyst bullish ratio,0.208916234,2026-04-30 38:31:0
2023Q4_day2,analyst bearish ratio,0.286591563,2026-04-30 38:31:0
2023Q4_day2,analyst coverage,0.026522066,2026-04-30 38:31:0
2023Q4_day2,analyst rating momentum,0.443259024,2026-04-30 38:31:0
2023Q4_day2,analyst positive momentum,-0.342506734,2026-04-30 38:31:0
2023Q4_day2,analyst price target upside,0.111268108,2026-04-30 38:31:0
2023Q4_day2,reaction days,0.006635536,2026-04-30 38:31:0
2023Q4_day2,cortex sentiment,-1.61992197,2026-04-30 38:31:0
2023Q4_day2,earnings surprise pct,0.750391588,2026-04-30 38:31:0
2023Q4_day2,actual eps,0.726951495,2026-04-30 38:31:0
2023Q4_day2,operating margin,0.454034923,2026-04-30 38:31:0
2023Q4_day2,guidance surprise pct,1.178487011,2026-04-30 38:31:0
2023Q4_day2,guidance eps,0.185487905,2026-04-30 38:31:0
2023Q4_day2,china rev yoy,0.55622777,2026-04-30 38:31:0
2023Q4_day2,revenue qoq,0.366310109,2026-04-30 38:31:0
2023Q4_day2,beta sp500,0.174629311,2026-04-30 38:31:0
2023Q4_day2,beta sp500 it,-0.06794523,2026-04-30 38:31:0
2023Q4_day2,beta nasdaq,-0.287831771,2026-04-30 38:31:0
2023Q4_day2,cadence return 30d,-0.111662033,2026-04-30 38:31:0
2023Q4_day2,siemens return 30d,0.326624586,2026-04-30 38:31:0
2023Q4_day2,vix,0.542293153,2026-04-30 38:31:0
2023Q4_day2,vix change 30d,0.371621764,2026-04-30 38:31:0
2023Q4_day2,high volatility,-0.644424711,2026-04-30 38:31:0
2023Q4_day2,cpi,-0.33588523,2026-04-30 38:31:0
2023Q4_day2,unemployment rate,0.042265874,2026-04-30 38:31:0
2023Q4_day2,analyst sentiment score,-1.561063619,2026-04-30 38:31:0
2023Q4_day2,analyst consensus strength,0.096950314,2026-04-30 38:31:0
2023Q4_day2,analyst bullish ratio,-0.044280776,2026-04-30 38:31:0
2023Q4_day3,analyst bearish ratio,-0.139810951,2026-04-30 38:31:0
2023Q4_day3,analyst coverage,-0.47841092,2026-04-30 38:31:0
2023Q4_day3,analyst rating momentum,0.154080032,2026-04-30 38:31:0
2023Q4_day3,analyst positive momentum,-0.159810252,2026-04-30 38:31:0
2023Q4_day3,analyst price target upside,-0.083983367,2026-04-30 38:31:0
2023Q4_day3,reaction days,-0.424452443,2026-04-30 38:31:0
2023Q4_day3,cortex sentiment,-0.516508943,2026-04-30 38:31:0
2023Q4_day3,earnings surprise pct,1.863350958,2026-04-30 38:31:0
2023Q4_day3,actual eps,1.796755529,2026-04-30 38:31:0
2023Q4_day3,operating margin,-0.137128877,2026-04-30 38:31:0
2023Q4_day3,guidance surprise pct,0.438672764,2026-04-30 38:31:0
2023Q4_day3,guidance eps,1.081264554,2026-04-30 38:31:0
2023Q4_day3,china rev yoy,-0.299515632,2026-04-30 38:31:0
2023Q4_day3,revenue qoq,0.09053757,2026-04-30 38:31:0
2023Q4_day3,beta sp500,0.229824084,2026-04-30 38:31:0
2023Q4_day3,beta sp500 it,0.368079967,2026-04-30 38:31:0
2023Q4_day3,beta nasdaq,-0.030046223,2026-04-30 38:31:0
2023Q4_day3,cadence return 30d,-0.061102125,2026-04-30 38:31:0
2023Q4_day3,siemens return 30d,-0.263394776,2026-04-30 38:31:0
2023Q4_day3,vix,-0.813440177,2026-04-30 38:31:0
2023Q4_day3,vix change 30d,-0.513239446,2026-04-30 38:31:0
2023Q4_day3,high volatility,-0.216317247,2026-04-30 38:31:0
2023Q4_day3,cpi,0.274075388,2026-04-30 38:31:0
2023Q4_day3,unemployment rate,-0.240953685,2026-04-30 38:31:0
2023Q4_day3,analyst sentiment score,0.395613141,2026-04-30 38:31:0
2023Q4_day3,analyst consensus strength,-0.08133708,2026-04-30 38:31:0
2023Q4_day3,analyst bullish ratio,-0.006410188,2026-04-30 38:31:0
2023Q4_day4,analyst bearish ratio,-0.224163504,2026-04-30 38:31:0
2023Q4_day4,analyst coverage,-0.727272078,2026-04-30 38:31:0
2023Q4_day4,analyst rating momentum,0.265213619,2026-04-30 38:31:0
2023Q4_day4,analyst positive momentum,0.221053169,2026-04-30 38:31:0
2023Q4_day4,analyst price target upside,0.093734489,2026-04-30 38:31:0
2023Q4_day4,reaction days,0.163398143,2026-04-30 38:31:0
2023Q4_day4,cortex sentiment,-0.190436469,2026-04-30 38:31:0
2023Q4_day4,earnings surprise pct,-0.137527514,2026-04-30 38:31:0
2023Q4_day4,actual eps,0.482568394,2026-04-30 38:31:0
2023Q4_day4,operating margin,0.238279404,2026-04-30 38:31:0
2023Q4_day4,guidance surprise pct,0.047426346,2026-04-30 38:31:0
2023Q4_day4,guidance eps,0.976134759,2026-04-30 38:31:0
2023Q4_day4,china rev yoy,-0.406974541,2026-04-30 38:31:0
2023Q4_day4,revenue qoq,0.139928995,2026-04-30 38:31:0
2023Q4_day4,beta sp500,-0.010692445,2026-04-30 38:31:0
2023Q4_day4,beta sp500 it,-0.484539545,2026-04-30 38:31:0
2023Q4_day4,beta nasdaq,0.349421806,2026-04-30 38:31:0
2023Q4_day4,cadence return 30d,-0.220377473,2026-04-30 38:31:0
2023Q4_day4,siemens return 30d,-0.243075731,2026-04-30 38:31:0
2023Q4_day4,vix,-0.299715401,2026-04-30 38:31:0
2023Q4_day4,vix change 30d,0.174318675,2026-04-30 38:31:0
2023Q4_day4,high volatility,-0.907910909,2026-04-30 38:31:0
2023Q4_day4,cpi,0.018503955,2026-04-30 38:31:0
2023Q4_day4,unemployment rate,0.12864495,2026-04-30 38:31:0
2023Q4_day4,analyst sentiment score,-0.084136636,2026-04-30 38:31:0
2023Q4_day4,analyst consensus strength,0.052932467,2026-04-30 38:31:0
2023Q4_day4,analyst bullish ratio,-0.110108352,2026-04-30 38:31:0
2023Q4_day5,analyst bearish ratio,-0.248277066,2026-04-30 38:31:0
2023Q4_day5,analyst coverage,0.025843165,2026-04-30 38:31:0
2023Q4_day5,analyst rating momentum,-0.321641704,2026-04-30 38:31:0
2023Q4_day5,analyst positive momentum,-0.876405145,2026-04-30 38:31:0
2023Q4_day5,analyst price target upside,0.237311961,2026-04-30 38:31:0
2023Q4_day5,reaction days,0.330786968,2026-04-30 38:31:0
2023Q4_day5,cortex sentiment,-1.917759461,2026-04-30 38:31:0
2023Q4_day5,earnings surprise pct,0.194161577,2026-04-30 38:31:0
2023Q4_day5,actual eps,1.171492557,2026-04-30 38:31:0
2023Q4_day5,operating margin,0.617248641,2026-04-30 38:31:0
2023Q4_day5,guidance surprise pct,0.812476225,2026-04-30 38:31:0
2023Q4_day5,guidance eps,0.363198235,2026-04-30 38:31:0
2023Q4_day5,china rev yoy,-0.054868932,2026-04-30 38:31:0
2023Q4_day5,revenue qoq,0.412462926,2026-04-30 38:31:0
2023Q4_day5,beta sp500,-0.193789254,2026-04-30 38:31:0
2023Q4_day5,beta sp500 it,-0.239757602,2026-04-30 38:31:0
2023Q4_day5,beta nasdaq,-0.144823057,2026-04-30 38:31:0
2023Q4_day5,cadence return 30d,-0.285998582,2026-04-30 38:31:0
2023Q4_day5,siemens return 30d,0.036801095,2026-04-30 38:31:0
2023Q4_day5,vix,0.412339229,2026-04-30 38:31:0
2023Q4_day5,vix change 30d,-0.238460363,2026-04-30 38:31:0
2023Q4_day5,high volatility,-0.526176751,2026-04-30 38:31:0
2023Q4_day5,cpi,-0.087543381,2026-04-30 38:31:0
2023Q4_day5,unemployment rate,-0.468957243,2026-04-30 38:31:0
2023Q4_day5,analyst sentiment score,0.029865866,2026-04-30 38:31:0
2023Q4_day5,analyst consensus strength,-0.023351159,2026-04-30 38:31:0
2023Q4_day5,analyst bullish ratio,-0.054143974,2026-04-30 38:31:0
2023Q4_day6,analyst bearish ratio,0.95793227,2026-04-30 38:31:0
2023Q4_day6,analyst coverage,0.089625873,2026-04-30 38:31:0
2023Q4_day6,analyst rating momentum,-0.225537315,2026-04-30 38:31:0
2023Q4_day6,analyst positive momentum,-0.127907279,2026-04-30 38:31:0
2023Q4_day6,analyst price target upside,0.379689142,2026-04-30 38:31:0
2023Q4_day6,reaction days,0.172654082,2026-04-30 38:31:0
2023Q4_day6,cortex sentiment,-1.362966787,2026-04-30 38:31:0
2023Q4_day6,earnings surprise pct,1.351537361,2026-04-30 38:31:0
2023Q4_day6,actual eps,0.399113549,2026-04-30 38:31:0
2023Q4_day6,operating margin,0.561989333,2026-04-30 38:31:0
2023Q4_day6,guidance surprise pct,1.448028839,2026-04-30 38:31:0
2023Q4_day6,guidance eps,0.531606863,2026-04-30 38:31:0
2023Q4_day6,china rev yoy,0.384304909,2026-04-30 38:31:0
2023Q4_day6,revenue qoq,0.020356653,2026-04-30 38:31:0
2023Q4_day6,beta sp500,0.255832103,2026-04-30 38:31:0
2023Q4_day6,beta sp500 it,0.145419845,2026-04-30 38:31:0
2023Q4_day6,beta nasdaq,-0.253906996,2026-04-30 38:31:0
2023Q4_day6,cadence return 30d,-0.19306495,2026-04-30 38:31:0
2023Q4_day6,siemens return 30d,0.308988245,2026-04-30 38:31:0
2023Q4_day6,vix,-0.567387666,2026-04-30 38:31:0
2023Q4_day6,vix change 30d,-0.601824232,2026-04-30 38:31:0
2023Q4_day6,high volatility,-0.87756129,2026-04-30 38:31:0
2023Q4_day6,cpi,0.12707972,2026-04-30 38:31:0
2023Q4_day6,unemployment rate,0.618757476,2026-04-30 38:31:0
2023Q4_day6,analyst sentiment score,-1.140519749,2026-04-30 38:31:0
2023Q4_day6,analyst consensus strength,0.007265837,2026-04-30 38:31:0
2023Q4_day6,analyst bullish ratio,0.423666167,2026-04-30 38:31:0
2023Q4_day7,analyst bearish ratio,-0.023892417,2026-04-30 38:31:0
2023Q4_day7,analyst coverage,0.135711539,2026-04-30 38:31:0
2023Q4_day7,analyst rating momentum,-0.318718058,2026-04-30 38:31:0
2023Q4_day7,analyst positive momentum,0.128492129,2026-04-30 38:31:0
2023Q4_day7,analyst price target upside,0.112571147,2026-04-30 38:31:0
2023Q4_day7,reaction days,0.347145999,2026-04-30 38:31:0
2023Q4_day7,cortex sentiment,0.212431631,2026-04-30 38:31:0
2023Q4_day7,earnings surprise pct,2.353738185,2026-04-30 38:31:0
2023Q4_day7,actual eps,1.147779904,2026-04-30 38:31:0
2023Q4_day7,operating margin,0.097738895,2026-04-30 38:31:0
2023Q4_day7,guidance surprise pct,0.916630581,2026-04-30 38:31:0
2023Q4_day7,guidance eps,0.588100224,2026-04-30 38:31:0
2023Q4_day7,china rev yoy,0.101545153,2026-04-30 38:31:0
2023Q4_day7,revenue qoq,-0.088620423,2026-04-30 38:31:0
2023Q4_day7,beta sp500,0.050538293,2026-04-30 38:31:0
2023Q4_day7,beta sp500 it,0.395279261,2026-04-30 38:31:0
2023Q4_day7,beta nasdaq,-0.30196277,2026-04-30 38:31:0
2023Q4_day7,cadence return 30d,0.341963568,2026-04-30 38:31:0
2023Q4_day7,siemens return 30d,0.39513452,2026-04-30 38:31:0
2023Q4_day7,vix,-0.459034263,2026-04-30 38:31:0
2023Q4_day7,vix change 30d,-1.46092745,2026-04-30 38:31:0
2023Q4_day7,high volatility,-0.703910994,2026-04-30 38:31:0
2023Q4_day7,cpi,0.389098364,2026-04-30 38:31:0
2023Q4_day7,unemployment rate,-0.006860419,2026-04-30 38:31:0
2023Q4_day7,analyst sentiment score,-1.099581339,2026-04-30 38:31:0
2023Q4_day7,analyst consensus strength,-0.151432476,2026-04-30 38:31:0
2023Q4_day7,analyst bullish ratio,0.252186008,2026-04-30 38:31:0
2023Q4_day8,analyst bearish ratio,0.16402007,2026-04-30 38:31:0
2023Q4_day8,analyst coverage,-0.07167963,2026-04-30 38:31:0
2023Q4_day8,analyst rating momentum,-0.110047324,2026-04-30 38:31:0
2023Q4_day8,analyst positive momentum,-0.117527445,2026-04-30 38:31:0
2023Q4_day8,analyst price target upside,-0.034482037,2026-04-30 38:31:0
2023Q4_day8,reaction days,0.473075138,2026-04-30 38:31:0
2023Q4_day8,cortex sentiment,-0.693392282,2026-04-30 38:31:0
2023Q4_day8,earnings surprise pct,1.530295112,2026-04-30 38:31:0
2023Q4_day8,actual eps,1.712789631,2026-04-30 38:31:0
2023Q4_day8,operating margin,0.299493269,2026-04-30 38:31:0
2023Q4_day8,guidance surprise pct,0.541027812,2026-04-30 38:31:0
2023Q4_day8,guidance eps,1.042238054,2026-04-30 38:31:0
2023Q4_day8,china rev yoy,-0.007258682,2026-04-30 38:31:0
2023Q4_day8,revenue qoq,-0.271110558,2026-04-30 38:31:0
2023Q4_day8,beta sp500,0.097307785,2026-04-30 38:31:0
2023Q4_day8,beta sp500 it,-0.353711937,2026-04-30 38:31:0
2023Q4_day8,beta nasdaq,0.356303817,2026-04-30 38:31:0
2023Q4_day8,cadence return 30d,-0.139385189,2026-04-30 38:31:0
2023Q4_day8,siemens return 30d,0.060347897,2026-04-30 38:31:0
2023Q4_day8,vix,-0.258356064,2026-04-30 38:31:0
2023Q4_day8,vix change 30d,-0.529452487,2026-04-30 38:31:0
2023Q4_day8,high volatility,-0.106653099,2026-04-30 38:31:0
2023Q4_day8,cpi,-0.142471097,2026-04-30 38:31:0
2023Q4_day8,unemployment rate,0.261389189,2026-04-30 38:31:0
2023Q4_day8,analyst sentiment score,-1.307587808,2026-04-30 38:31:0
2023Q4_day8,analyst consensus strength,0.037913874,2026-04-30 38:31:0
2023Q4_day8,analyst bullish ratio,0.5816787,2026-04-30 38:31:0
2023Q4_day9,analyst bearish ratio,-0.300099397,2026-04-30 38:31:0
2023Q4_day9,analyst coverage,-0.203323491,2026-04-30 38:31:0
2023Q4_day9,analyst rating momentum,0.154172355,2026-04-30 38:31:0
2023Q4_day9,analyst positive momentum,0.053874535,2026-04-30 38:31:0
2023Q4_day9,analyst price target upside,0.22012602,2026-04-30 38:31:0
2023Q4_day9,reaction days,0.247837426,2026-04-30 38:31:0
2023Q4_day9,cortex sentiment,-0.119167119,2026-04-30 38:31:0
2023Q4_day9,earnings surprise pct,1.465819905,2026-04-30 38:31:0
2023Q4_day9,actual eps,1.045891194,2026-04-30 38:31:0
2023Q4_day9,operating margin,-0.072377296,2026-04-30 38:31:0
2023Q4_day9,guidance surprise pct,1.203544221,2026-04-30 38:31:0
2023Q4_day9,guidance eps,1.939929161,2026-04-30 38:31:0
2023Q4_day9,china rev yoy,-0.039790124,2026-04-30 38:31:0
2023Q4_day9,revenue qoq,-0.292358791,2026-04-30 38:31:0
2023Q4_day9,beta sp500,0.332124201,2026-04-30 38:31:0
2023Q4_day9,beta sp500 it,-0.036114349,2026-04-30 38:31:0
2023Q4_day9,beta nasdaq,-0.651800864,2026-04-30 38:31:0
2023Q4_day9,cadence return 30d,0.254226503,2026-04-30 38:31:0
2023Q4_day9,siemens return 30d,-0.160598456,2026-04-30 38:31:0
2023Q4_day9,vix,-0.445266641,2026-04-30 38:31:0
2023Q4_day9,vix change 30d,-0.234009835,2026-04-30 38:31:0
2023Q4_day9,high volatility,-0.30475016,2026-04-30 38:31:0
2023Q4_day9,cpi,0.212835545,2026-04-30 38:31:0
2023Q4_day9,unemployment rate,-0.130645911,2026-04-30 38:31:0
2023Q4_day9,analyst sentiment score,-0.192136521,2026-04-30 38:31:0
2023Q4_day9,analyst consensus strength,-0.077864003,2026-04-30 38:31:0
2023Q4_day9,analyst bullish ratio,0.221643144,2026-04-30 38:31:0
2023Q4_day10,analyst bearish ratio,0.184610245,2026-04-30 38:31:0
2023Q4_day10,analyst coverage,-0.280631611,2026-04-30 38:31:0
2023Q4_day10,analyst rating momentum,0.325794635,2026-04-30 38:31:0
2023Q4_day10,analyst positive momentum,-0.160789034,2026-04-30 38:31:0
2023Q4_day10,analyst price target upside,0.31161156,2026-04-30 38:31:0
2023Q4_day10,reaction days,0.223457463,2026-04-30 38:31:0
2023Q4_day10,cortex sentiment,0.602910206,2026-04-30 38:31:0
2023Q4_day10,earnings surprise pct,0.665920411,2026-04-30 38:31:0
2023Q4_day10,actual eps,0.590409922,2026-04-30 38:31:0
2023Q4_day10,operating margin,-0.005825882,2026-04-30 38:31:0
2023Q4_day10,guidance surprise pct,0.61809213,2026-04-30 38:31:0
2023Q4_day10,guidance eps,1.279965141,2026-04-30 38:31:0
2023Q4_day10,china rev yoy,-0.484893183,2026-04-30 38:31:0
2023Q4_day10,revenue qoq,-0.316104726,2026-04-30 38:31:0
2023Q4_day10,beta sp500,-0.320340876,2026-04-30 38:31:0
2023Q4_day10,beta sp500 it,0.285092278,2026-04-30 38:31:0
2023Q4_day10,beta nasdaq,0.513184012,2026-04-30 38:31:0
2023Q4_day10,cadence return 30d,-0.031334766,2026-04-30 38:31:0
2023Q4_day10,siemens return 30d,-0.050646517,2026-04-30 38:31:0
2023Q4_day10,vix,-0.364973918,2026-04-30 38:31:0
2023Q4_day10,vix change 30d,0.180939151,2026-04-30 38:31:0
2023Q4_day10,high volatility,-0.863676567,2026-04-30 38:31:0
2023Q4_day10,cpi,0.071510695,2026-04-30 38:31:0
2023Q4_day10,unemployment rate,0.292559289,2026-04-30 38:31:0
2023Q4_day10,analyst sentiment score,-0.199343498,2026-04-30 38:31:0
2023Q4_day10,analyst consensus strength,0.056874485,2026-04-30 38:31:0
2023Q4_day10,analyst bullish ratio,0.300313828,2026-04-30 38:31:0
2024Q1_day1,analyst bearish ratio,-0.810969688,2026-04-30 38:31:0
2024Q1_day1,analyst coverage,0.203362596,2026-04-30 38:31:0
2024Q1_day1,analyst rating momentum,-0.196222705,2026-04-30 38:31:0
2024Q1_day1,analyst positive momentum,-0.549189869,2026-04-30 38:31:0
2024Q1_day1,analyst price target upside,0.25224052,2026-04-30 38:31:0
2024Q1_day1,reaction days,0.424731709,2026-04-30 38:31:0
2024Q1_day1,cortex sentiment,-0.582469109,2026-04-30 38:31:0
2024Q1_day1,earnings surprise pct,1.371724728,2026-04-30 38:31:0
2024Q1_day1,actual eps,1.767366955,2026-04-30 38:31:0
2024Q1_day1,operating margin,0.394474336,2026-04-30 38:31:0
2024Q1_day1,guidance surprise pct,1.783978718,2026-04-30 38:31:0
2024Q1_day1,guidance eps,1.245276495,2026-04-30 38:31:0
2024Q1_day1,china rev yoy,0.022630092,2026-04-30 38:31:0
2024Q1_day1,revenue qoq,-0.480589744,2026-04-30 38:31:0
2024Q1_day1,beta sp500,-0.073818746,2026-04-30 38:31:0
2024Q1_day1,beta sp500 it,-0.252973979,2026-04-30 38:31:0
2024Q1_day1,beta nasdaq,0.651282815,2026-04-30 38:31:0
2024Q1_day1,cadence return 30d,-0.052765744,2026-04-30 38:31:0
2024Q1_day1,siemens return 30d,0.036961442,2026-04-30 38:31:0
2024Q1_day1,vix,-0.124257312,2026-04-30 38:31:0
2024Q1_day1,vix change 30d,-0.378198777,2026-04-30 38:31:0
2024Q1_day1,high volatility,0.44752552,2026-04-30 38:31:0
2024Q1_day1,cpi,-0.186794809,2026-04-30 38:31:0
2024Q1_day1,unemployment rate,0.058382237,2026-04-30 38:31:0
2024Q1_day1,analyst sentiment score,-0.945482351,2026-04-30 38:31:0
2024Q1_day1,analyst consensus strength,-0.396006753,2026-04-30 38:31:0
2024Q1_day1,analyst bullish ratio,-0.183530727,2026-04-30 38:31:0
2024Q1_day2,analyst bearish ratio,-0.011111039,2026-04-30 38:31:0
2024Q1_day2,analyst coverage,-0.128790667,2026-04-30 38:31:0
2024Q1_day2,analyst rating momentum,-0.207726294,2026-04-30 38:31:0
2024Q1_day2,analyst positive momentum,-0.421895239,2026-04-30 38:31:0
2024Q1_day2,analyst price target upside,0.133378885,2026-04-30 38:31:0
2024Q1_day2,reaction days,-0.150944075,2026-04-30 38:31:0
2024Q1_day2,cortex sentiment,-0.043966422,2026-04-30 38:31:0
2024Q1_day2,earnings surprise pct,0.849463852,2026-04-30 38:31:0
2024Q1_day2,actual eps,-0.0745309,2026-04-30 38:31:0
2024Q1_day2,operating margin,-0.092762723,2026-04-30 38:31:0
2024Q1_day2,guidance surprise pct,0.348706157,2026-04-30 38:31:0
2024Q1_day2,guidance eps,0.991504706,2026-04-30 38:31:0
2024Q1_day2,china rev yoy,0.402135134,2026-04-30 38:31:0
2024Q1_day2,revenue qoq,-0.562551741,2026-04-30 38:31:0
2024Q1_day2,beta sp500,0.034507824,2026-04-30 38:31:0
2024Q1_day2,beta sp500 it,-0.048039839,2026-04-30 38:31:0
2024Q1_day2,beta nasdaq,0.201402023,2026-04-30 38:31:0
2024Q1_day2,cadence return 30d,0.063958988,2026-04-30 38:31:0
2024Q1_day2,siemens return 30d,-0.2255908,2026-04-30 38:31:0
2024Q1_day2,vix,-0.559526968,2026-04-30 38:31:0
2024Q1_day2,vix change 30d,-0.798012928,2026-04-30 38:31:0
2024Q1_day2,high volatility,0.138003569,2026-04-30 38:31:0
2024Q1_day2,cpi,0.006393495,2026-04-30 38:31:0
2024Q1_day2,unemployment rate,0.570357206,2026-04-30 38:31:0
2024Q1_day2,analyst sentiment score,-0.536396488,2026-04-30 38:31:0
2024Q1_day2,analyst consensus strength,-0.21252203,2026-04-30 38:31:0
2024Q1_day2,analyst bullish ratio,-0.454114318,2026-04-30 38:31:0
2024Q1_day3,analyst bearish ratio,-0.540941903,2026-04-30 38:31:0
2024Q1_day3,analyst coverage,-0.475240783,2026-04-30 38:31:0
2024Q1_day3,analyst rating momentum,0.080137995,2026-04-30 38:31:0
2024Q1_day3,analyst positive momentum,0.152617507,2026-04-30 38:31:0
2024Q1_day3,analyst price target upside,-0.16623814,2026-04-30 38:31:0
2024Q1_day3,reaction days,0.329007663,2026-04-30 38:31:0
2024Q1_day3,cortex sentiment,-0.789836631,2026-04-30 38:31:0
2024Q1_day3,earnings surprise pct,0.888075807,2026-04-30 38:31:0
2024Q1_day3,actual eps,1.767332377,2026-04-30 38:31:0
2024Q1_day3,operating margin,0.269051795,2026-04-30 38:31:0
2024Q1_day3,guidance surprise pct,0.638881611,2026-04-30 38:31:0
2024Q1_day3,guidance eps,0.265284665,2026-04-30 38:31:0
2024Q1_day3,china rev yoy,-0.64554462,2026-04-30 38:31:0
2024Q1_day3,revenue qoq,-0.215745996,2026-04-30 38:31:0
2024Q1_day3,beta sp500,-0.063339072,2026-04-30 38:31:0
2024Q1_day3,beta sp500 it,-0.296153858,2026-04-30 38:31:0
2024Q1_day3,beta nasdaq,-0.03937709,2026-04-30 38:31:0
2024Q1_day3,cadence return 30d,0.023055565,2026-04-30 38:31:0
2024Q1_day3,siemens return 30d,-0.067456795,2026-04-30 38:31:0
2024Q1_day3,vix,-0.72500129,2026-04-30 38:31:0
2024Q1_day3,vix change 30d,-0.315672664,2026-04-30 38:31:0
2024Q1_day3,high volatility,-0.179029675,2026-04-30 38:31:0
2024Q1_day3,cpi,-0.327119723,2026-04-30 38:31:0
2024Q1_day3,unemployment rate,0.423279714,2026-04-30 38:31:0
2024Q1_day3,analyst sentiment score,-0.559152879,2026-04-30 38:31:0
2024Q1_day3,analyst consensus strength,0.005654887,2026-04-30 38:31:0
2024Q1_day3,analyst bullish ratio,0.212464327,2026-04-30 38:31:0
2024Q1_day4,analyst bearish ratio,0.069964839,2026-04-30 38:31:0
2024Q1_day4,analyst coverage,0.28594099,2026-04-30 38:31:0
2024Q1_day4,analyst rating momentum,0.08613725,2026-04-30 38:31:0
2024Q1_day4,analyst positive momentum,-0.183731212,2026-04-30 38:31:0
2024Q1_day4,analyst price target upside,0.222300705,2026-04-30 38:31:0
2024Q1_day4,reaction days,-0.078745241,2026-04-30 38:31:0
2024Q1_day4,cortex sentiment,-0.434864177,2026-04-30 38:31:0
2024Q1_day4,earnings surprise pct,0.780062006,2026-04-30 38:31:0
2024Q1_day4,actual eps,0.675129886,2026-04-30 38:31:0
2024Q1_day4,operating margin,-0.038561253,2026-04-30 38:31:0
2024Q1_day4,guidance surprise pct,-0.329109427,2026-04-30 38:31:0
2024Q1_day4,guidance eps,0.470765055,2026-04-30 38:31:0
2024Q1_day4,china rev yoy,0.02785347,2026-04-30 38:31:0
2024Q1_day4,revenue qoq,0.047956918,2026-04-30 38:31:0
2024Q1_day4,beta sp500,-0.308302542,2026-04-30 38:31:0
2024Q1_day4,beta sp500 it,0.379712352,2026-04-30 38:31:0
2024Q1_day4,beta nasdaq,-0.259852454,2026-04-30 38:31:0
2024Q1_day4,cadence return 30d,0.29083716,2026-04-30 38:31:0
2024Q1_day4,siemens return 30d,0.128158309,2026-04-30 38:31:0
2024Q1_day4,vix,-0.723113655,2026-04-30 38:31:0
2024Q1_day4,vix change 30d,0.487655446,2026-04-30 38:31:0
2024Q1_day4,high volatility,-0.996818416,2026-04-30 38:31:0
2024Q1_day4,cpi,0.275746252,2026-04-30 38:31:0
2024Q1_day4,unemployment rate,0.300174695,2026-04-30 38:31:0
2024Q1_day4,analyst sentiment score,-0.902372125,2026-04-30 38:31:0
2024Q1_day4,analyst consensus strength,0.41773959,2026-04-30 38:31:0
2024Q1_day4,analyst bullish ratio,-0.075013954,2026-04-30 38:31:0
2024Q1_day5,analyst bearish ratio,0.086608089,2026-04-30 38:31:0
2024Q1_day5,analyst coverage,0.078096552,2026-04-30 38:31:0
2024Q1_day5,analyst rating momentum,-0.040292622,2026-04-30 38:31:0
2024Q1_day5,analyst positive momentum,0.243242482,2026-04-30 38:31:0
2024Q1_day5,analyst price target upside,0.308697744,2026-04-30 38:31:0
2024Q1_day5,reaction days,-0.199706395,2026-04-30 38:31:0
2024Q1_day5,cortex sentiment,0.282604146,2026-04-30 38:31:0
2024Q1_day5,earnings surprise pct,-0.197495193,2026-04-30 38:31:0
2024Q1_day5,actual eps,1.419527723,2026-04-30 38:31:0
2024Q1_day5,operating margin,0.338011541,2026-04-30 38:31:0
2024Q1_day5,guidance surprise pct,0.145420142,2026-04-30 38:31:0
2024Q1_day5,guidance eps,0.553511427,2026-04-30 38:31:0
2024Q1_day5,china rev yoy,-0.331711401,2026-04-30 38:31:0
2024Q1_day5,revenue qoq,-0.064476309,2026-04-30 38:31:0
2024Q1_day5,beta sp500,-0.092410285,2026-04-30 38:31:0
2024Q1_day5,beta sp500 it,0.23389816,2026-04-30 38:31:0
2024Q1_day5,beta nasdaq,0.393092624,2026-04-30 38:31:0
2024Q1_day5,cadence return 30d,0.418705143,2026-04-30 38:31:0
2024Q1_day5,siemens return 30d,-0.168650408,2026-04-30 38:31:0
2024Q1_day5,vix,-0.504610937,2026-04-30 38:31:0
2024Q1_day5,vix change 30d,-1.241719096,2026-04-30 38:31:0
2024Q1_day5,high volatility,-0.802935033,2026-04-30 38:31:0
2024Q1_day5,cpi,0.28945549,2026-04-30 38:31:0
2024Q1_day5,unemployment rate,0.484674847,2026-04-30 38:31:0
2024Q1_day5,analyst sentiment score,-1.240609323,2026-04-30 38:31:0
2024Q1_day5,analyst consensus strength,-0.177739278,2026-04-30 38:31:0
2024Q1_day5,analyst bullish ratio,-0.007921727,2026-04-30 38:31:0
2024Q1_day6,analyst bearish ratio,0.084048348,2026-04-30 38:31:0
2024Q1_day6,analyst coverage,-0.242881056,2026-04-30 38:31:0
2024Q1_day6,analyst rating momentum,0.127218313,2026-04-30 38:31:0
2024Q1_day6,analyst positive momentum,-0.142151804,2026-04-30 38:31:0
2024Q1_day6,analyst price target upside,0.147109546,2026-04-30 38:31:0
2024Q1_day6,reaction days,0.25925685,2026-04-30 38:31:0
2024Q1_day6,cortex sentiment,-0.496146638,2026-04-30 38:31:0
2024Q1_day6,earnings surprise pct,0.538168466,2026-04-30 38:31:0
2024Q1_day6,actual eps,0.734234118,2026-04-30 38:31:0
2024Q1_day6,operating margin,-0.026508888,2026-04-30 38:31:0
2024Q1_day6,guidance surprise pct,0.577993382,2026-04-30 38:31:0
2024Q1_day6,guidance eps,0.644722362,2026-04-30 38:31:0
2024Q1_day6,china rev yoy,0.479594151,2026-04-30 38:31:0
2024Q1_day6,revenue qoq,0.168275834,2026-04-30 38:31:0
2024Q1_day6,beta sp500,-0.088644095,2026-04-30 38:31:0
2024Q1_day6,beta sp500 it,0.209086321,2026-04-30 38:31:0
2024Q1_day6,beta nasdaq,-0.100145847,2026-04-30 38:31:0
2024Q1_day6,cadence return 30d,0.351937391,2026-04-30 38:31:0
2024Q1_day6,siemens return 30d,0.110892658,2026-04-30 38:31:0
2024Q1_day6,vix,-0.453651072,2026-04-30 38:31:0
2024Q1_day6,vix change 30d,-0.176141537,2026-04-30 38:31:0
2024Q1_day6,high volatility,-1.185438076,2026-04-30 38:31:0
2024Q1_day6,cpi,-0.338030241,2026-04-30 38:31:0
2024Q1_day6,unemployment rate,-0.358177502,2026-04-30 38:31:0
2024Q1_day6,analyst sentiment score,-0.414234143,2026-04-30 38:31:0
2024Q1_day6,analyst consensus strength,0.5197545,2026-04-30 38:31:0
2024Q1_day6,analyst bullish ratio,0.669390044,2026-04-30 38:31:0
2024Q1_day7,analyst bearish ratio,0.19141533,2026-04-30 38:31:0
2024Q1_day7,analyst coverage,0.150253342,2026-04-30 38:31:0
2024Q1_day7,analyst rating momentum,-0.54031732,2026-04-30 38:31:0
2024Q1_day7,analyst positive momentum,-0.16280214,2026-04-30 38:31:0
2024Q1_day7,analyst price target upside,-0.00755675,2026-04-30 38:31:0
2024Q1_day7,reaction days,0.02583048,2026-04-30 38:31:0
2024Q1_day7,cortex sentiment,-0.600886291,2026-04-30 38:31:0
2024Q1_day7,earnings surprise pct,0.516745653,2026-04-30 38:31:0
2024Q1_day7,actual eps,-0.387579886,2026-04-30 38:31:0
2024Q1_day7,operating margin,0.224373077,2026-04-30 38:31:0
2024Q1_day7,guidance surprise pct,0.156354185,2026-04-30 38:31:0
2024Q1_day7,guidance eps,0.943548118,2026-04-30 38:31:0
2024Q1_day7,china rev yoy,0.622224801,2026-04-30 38:31:0
2024Q1_day7,revenue qoq,-0.275815377,2026-04-30 38:31:0
2024Q1_day7,beta sp500,-0.759086257,2026-04-30 38:31:0
2024Q1_day7,beta sp500 it,-0.085801267,2026-04-30 38:31:0
2024Q1_day7,beta nasdaq,0.33028789,2026-04-30 38:31:0
2024Q1_day7,cadence return 30d,0.587504236,2026-04-30 38:31:0
2024Q1_day7,siemens return 30d,-0.368864878,2026-04-30 38:31:0
2024Q1_day7,vix,-0.151650388,2026-04-30 38:31:0
2024Q1_day7,vix change 30d,-0.632655228,2026-04-30 38:31:0
2024Q1_day7,high volatility,-0.452974177,2026-04-30 38:31:0
2024Q1_day7,cpi,0.793303004,2026-04-30 38:31:0
2024Q1_day7,unemployment rate,-0.450891099,2026-04-30 38:31:0
2024Q1_day7,analyst sentiment score,-0.347756203,2026-04-30 38:31:0
2024Q1_day7,analyst consensus strength,0.140307952,2026-04-30 38:31:0
2024Q1_day7,analyst bullish ratio,0.325735897,2026-04-30 38:31:0
2024Q1_day8,analyst bearish ratio,0.029394946,2026-04-30 38:31:0
2024Q1_day8,analyst coverage,0.092415162,2026-04-30 38:31:0
2024Q1_day8,analyst rating momentum,-0.11749457,2026-04-30 38:31:0
2024Q1_day8,analyst positive momentum,0.080738082,2026-04-30 38:31:0
2024Q1_day8,analyst price target upside,0.081361545,2026-04-30 38:31:0
2024Q1_day8,reaction days,0.274314378,2026-04-30 38:31:0
2024Q1_day8,cortex sentiment,-0.721766202,2026-04-30 38:31:0
2024Q1_day8,earnings surprise pct,1.026260236,2026-04-30 38:31:0
2024Q1_day8,actual eps,0.782442312,2026-04-30 38:31:0
2024Q1_day8,operating margin,0.337815075,2026-04-30 38:31:0
2024Q1_day8,guidance surprise pct,0.769163766,2026-04-30 38:31:0
2024Q1_day8,guidance eps,-0.263819481,2026-04-30 38:31:0
2024Q1_day8,china rev yoy,0.37857645,2026-04-30 38:31:0
2024Q1_day8,revenue qoq,-0.27171969,2026-04-30 38:31:0
2024Q1_day8,beta sp500,-0.196129902,2026-04-30 38:31:0
2024Q1_day8,beta sp500 it,-0.178698388,2026-04-30 38:31:0
2024Q1_day8,beta nasdaq,0.412331428,2026-04-30 38:31:0
2024Q1_day8,cadence return 30d,-0.640702264,2026-04-30 38:31:0
2024Q1_day8,siemens return 30d,0.94132456,2026-04-30 38:31:0
2024Q1_day8,vix,0.128028405,2026-04-30 38:31:0
2024Q1_day8,vix change 30d,-0.288380543,2026-04-30 38:31:0
2024Q1_day8,high volatility,-0.427447,2026-04-30 38:31:0
2024Q1_day8,cpi,0.085666222,2026-04-30 38:31:0
2024Q1_day8,unemployment rate,0.156336729,2026-04-30 38:31:0
2024Q1_day8,analyst sentiment score,-0.112870648,2026-04-30 38:31:0
2024Q1_day8,analyst consensus strength,0.16668134,2026-04-30 38:31:0
2024Q1_day8,analyst bullish ratio,0.026874204,2026-04-30 38:31:0
2024Q1_day9,analyst bearish ratio,-0.059201526,2026-04-30 38:31:0
2024Q1_day9,analyst coverage,-0.045381985,2026-04-30 38:31:0
2024Q1_day9,analyst rating momentum,-0.058472484,2026-04-30 38:31:0
2024Q1_day9,analyst positive momentum,0.340131029,2026-04-30 38:31:0
2024Q1_day9,analyst price target upside,0.268711344,2026-04-30 38:31:0
2024Q1_day9,reaction days,-0.438077727,2026-04-30 38:31:0
2024Q1_day9,cortex sentiment,-0.106459534,2026-04-30 38:31:0
2024Q1_day9,earnings surprise pct,0.916841717,2026-04-30 38:31:0
2024Q1_day9,actual eps,0.788774746,2026-04-30 38:31:0
2024Q1_day9,operating margin,-0.116555536,2026-04-30 38:31:0
2024Q1_day9,guidance surprise pct,1.474467632,2026-04-30 38:31:0
2024Q1_day9,guidance eps,1.368515877,2026-04-30 38:31:0
2024Q1_day9,china rev yoy,-0.2318633,2026-04-30 38:31:0
2024Q1_day9,revenue qoq,0.122115686,2026-04-30 38:31:0
2024Q1_day9,beta sp500,-0.29149702,2026-04-30 38:31:0
2024Q1_day9,beta sp500 it,-0.413885449,2026-04-30 38:31:0
2024Q1_day9,beta nasdaq,-0.188015167,2026-04-30 38:31:0
2024Q1_day9,cadence return 30d,0.258718042,2026-04-30 38:31:0
2024Q1_day9,siemens return 30d,0.285937514,2026-04-30 38:31:0
2024Q1_day9,vix,-0.14345729,2026-04-30 38:31:0
2024Q1_day9,vix change 30d,-0.037452107,2026-04-30 38:31:0
2024Q1_day9,high volatility,-0.141910856,2026-04-30 38:31:0
2024Q1_day9,cpi,-0.192444479,2026-04-30 38:31:0
2024Q1_day9,unemployment rate,0.129576763,2026-04-30 38:31:0
2024Q1_day9,analyst sentiment score,-0.019754285,2026-04-30 38:31:0
2024Q1_day9,analyst consensus strength,0.226287399,2026-04-30 38:31:0
2024Q1_day9,analyst bullish ratio,0.356674011,2026-04-30 38:31:0
2024Q1_day10,analyst bearish ratio,0.212491154,2026-04-30 38:31:0
2024Q1_day10,analyst coverage,0.105434462,2026-04-30 38:31:0
2024Q1_day10,analyst rating momentum,0.321045071,2026-04-30 38:31:0
2024Q1_day10,analyst positive momentum,-0.007956378,2026-04-30 38:31:0
2024Q1_day10,analyst price target upside,-0.02637493,2026-04-30 38:31:0
2024Q1_day10,reaction days,0.117386607,2026-04-30 38:31:0
2024Q1_day10,cortex sentiment,-0.946941587,2026-04-30 38:31:0
2024Q1_day10,earnings surprise pct,0.394893035,2026-04-30 38:31:0
2024Q1_day10,actual eps,0.713288798,2026-04-30 38:31:0
2024Q1_day10,operating margin,-0.237725976,2026-04-30 38:31:0
2024Q1_day10,guidance surprise pct,0.615223082,2026-04-30 38:31:0
2024Q1_day10,guidance eps,-0.3361688,2026-04-30 38:31:0
2024Q1_day10,china rev yoy,0.063988112,2026-04-30 38:31:0
2024Q1_day10,revenue qoq,0.000361643,2026-04-30 38:31:0
2024Q1_day10,beta sp500,-0.245126589,2026-04-30 38:31:0
2024Q1_day10,beta sp500 it,0.197773701,2026-04-30 38:31:0
2024Q1_day10,beta nasdaq,0.281271041,2026-04-30 38:31:0
2024Q1_day10,cadence return 30d,-0.482267959,2026-04-30 38:31:0
2024Q1_day10,siemens return 30d,-0.228817434,2026-04-30 38:31:0
2024Q1_day10,vix,-0.784571175,2026-04-30 38:31:0
2024Q1_day10,vix change 30d,-0.869951551,2026-04-30 38:31:0
2024Q1_day10,high volatility,0.014737421,2026-04-30 38:31:0
2024Q1_day10,cpi,-0.058147842,2026-04-30 38:31:0
2024Q1_day10,unemployment rate,-0.079354452,2026-04-30 38:31:0
2024Q1_day10,analyst sentiment score,-1.702317419,2026-04-30 38:31:0
2024Q1_day10,analyst consensus strength,0.190625409,2026-04-30 38:31:0
2024Q1_day10,analyst bullish ratio,-0.371777518,2026-04-30 38:31:0
2024Q2_day1,analyst bearish ratio,0.017979789,2026-04-30 38:31:0
2024Q2_day1,analyst coverage,0.083213081,2026-04-30 38:31:0
2024Q2_day1,analyst rating momentum,0.408197579,2026-04-30 38:31:0
2024Q2_day1,analyst positive momentum,-0.39264612,2026-04-30 38:31:0
2024Q2_day1,analyst price target upside,-0.453902431,2026-04-30 38:31:0
2024Q2_day1,reaction days,0.186769909,2026-04-30 38:31:0
2024Q2_day1,cortex sentiment,0.580306709,2026-04-30 38:31:0
2024Q2_day1,earnings surprise pct,1.543367812,2026-04-30 38:31:0
2024Q2_day1,actual eps,0.925795649,2026-04-30 38:31:0
2024Q2_day1,operating margin,-0.147490856,2026-04-30 38:31:0
2024Q2_day1,guidance surprise pct,1.284273558,2026-04-30 38:31:0
2024Q2_day1,guidance eps,0.21587228,2026-04-30 38:31:0
2024Q2_day1,china rev yoy,0.142907331,2026-04-30 38:31:0
2024Q2_day1,revenue qoq,0.151641048,2026-04-30 38:31:0
2024Q2_day1,beta sp500,0.318062972,2026-04-30 38:31:0
2024Q2_day1,beta sp500 it,0.827898012,2026-04-30 38:31:0
2024Q2_day1,beta nasdaq,0.11772479,2026-04-30 38:31:0
2024Q2_day1,cadence return 30d,-0.152689088,2026-04-30 38:31:0
2024Q2_day1,siemens return 30d,-0.007672294,2026-04-30 38:31:0
2024Q2_day1,vix,-1.284537952,2026-04-30 38:31:0
2024Q2_day1,vix change 30d,-0.747356566,2026-04-30 38:31:0
2024Q2_day1,high volatility,-0.604641219,2026-04-30 38:31:0
2024Q2_day1,cpi,-0.157226519,2026-04-30 38:31:0
2024Q2_day1,unemployment rate,0.045706462,2026-04-30 38:31:0
2024Q2_day1,analyst sentiment score,-0.993451959,2026-04-30 38:31:0
2024Q2_day1,analyst consensus strength,0.3363092,2026-04-30 38:31:0
2024Q2_day1,analyst bullish ratio,6.2119e-05,2026-04-30 38:31:0
2024Q2_day2,analyst bearish ratio,-0.002790096,2026-04-30 38:31:0
2024Q2_day2,analyst coverage,-0.098368415,2026-04-30 38:31:0
2024Q2_day2,analyst rating momentum,0.046557205,2026-04-30 38:31:0
2024Q2_day2,analyst positive momentum,0.247529479,2026-04-30 38:31:0
2024Q2_day2,analyst price target upside,-0.023426043,2026-04-30 38:31:0
2024Q2_day2,reaction days,0.018376702,2026-04-30 38:31:0
2024Q2_day2,cortex sentiment,-0.682235617,2026-04-30 38:31:0
2024Q2_day2,earnings surprise pct,-0.007522554,2026-04-30 38:31:0
2024Q2_day2,actual eps,0.308445284,2026-04-30 38:31:0
2024Q2_day2,operating margin,-0.142866262,2026-04-30 38:31:0
2024Q2_day2,guidance surprise pct,1.324633508,2026-04-30 38:31:0
2024Q2_day2,guidance eps,0.957536797,2026-04-30 38:31:0
2024Q2_day2,china rev yoy,0.058076973,2026-04-30 38:31:0
2024Q2_day2,revenue qoq,0.255269389,2026-04-30 38:31:0
2024Q2_day2,beta sp500,-0.041211537,2026-04-30 38:31:0
2024Q2_day2,beta sp500 it,0.117139455,2026-04-30 38:31:0
2024Q2_day2,beta nasdaq,-0.030966526,2026-04-30 38:31:0
2024Q2_day2,cadence return 30d,0.079608705,2026-04-30 38:31:0
2024Q2_day2,siemens return 30d,-0.174827597,2026-04-30 38:31:0
2024Q2_day2,vix,-1.619408579,2026-04-30 38:31:0
2024Q2_day2,vix change 30d,-0.467139581,2026-04-30 38:31:0
2024Q2_day2,high volatility,0.311374068,2026-04-30 38:31:0
2024Q2_day2,cpi,0.277864621,2026-04-30 38:31:0
2024Q2_day2,unemployment rate,0.289619245,2026-04-30 38:31:0
2024Q2_day2,analyst sentiment score,0.241678433,2026-04-30 38:31:0
2024Q2_day2,analyst consensus strength,0.026597277,2026-04-30 38:31:0
2024Q2_day2,analyst bullish ratio,0.059194712,2026-04-30 38:31:0
2024Q2_day3,analyst bearish ratio,-0.185295569,2026-04-30 38:31:0
2024Q2_day3,analyst coverage,-0.094821857,2026-04-30 38:31:0
2024Q2_day3,analyst rating momentum,0.184731345,2026-04-30 38:31:0
2024Q2_day3,analyst positive momentum,0.361165331,2026-04-30 38:31:0
2024Q2_day3,analyst price target upside,0.122110745,2026-04-30 38:31:0
2024Q2_day3,reaction days,0.059962147,2026-04-30 38:31:0
2024Q2_day3,cortex sentiment,-0.499683225,2026-04-30 38:31:0
2024Q2_day3,earnings surprise pct,1.160724049,2026-04-30 38:31:0
2024Q2_day3,actual eps,-0.06631289,2026-04-30 38:31:0
2024Q2_day3,operating margin,-0.688854286,2026-04-30 38:31:0
2024Q2_day3,guidance surprise pct,0.46967789,2026-04-30 38:31:0
2024Q2_day3,guidance eps,0.067572544,2026-04-30 38:31:0
2024Q2_day3,china rev yoy,-0.152442059,2026-04-30 38:31:0
2024Q2_day3,revenue qoq,-0.044334096,2026-04-30 38:31:0
2024Q2_day3,beta sp500,-0.135974523,2026-04-30 38:31:0
2024Q2_day3,beta sp500 it,0.43574026,2026-04-30 38:31:0
2024Q2_day3,beta nasdaq,0.098023429,2026-04-30 38:31:0
2024Q2_day3,cadence return 30d,0.090142308,2026-04-30 38:31:0
2024Q2_day3,siemens return 30d,0.186662143,2026-04-30 38:31:0
2024Q2_day3,vix,-0.969416559,2026-04-30 38:31:0
2024Q2_day3,vix change 30d,0.119555894,2026-04-30 38:31:0
2024Q2_day3,high volatility,-0.437882143,2026-04-30 38:31:0
2024Q2_day3,cpi,0.201144185,2026-04-30 38:31:0
2024Q2_day3,unemployment rate,-0.32155717,2026-04-30 38:31:0
2024Q2_day3,analyst sentiment score,-1.43225526,2026-04-30 38:31:0
2024Q2_day3,analyst consensus strength,0.245366897,2026-04-30 38:31:0
2024Q2_day3,analyst bullish ratio,0.112922858,2026-04-30 38:31:0
2024Q2_day4,analyst bearish ratio,-0.270615466,2026-04-30 38:31:0
2024Q2_day4,analyst coverage,-0.260898924,2026-04-30 38:31:0
2024Q2_day4,analyst rating momentum,0.337630435,2026-04-30 38:31:0
2024Q2_day4,analyst positive momentum,-0.356823568,2026-04-30 38:31:0
2024Q2_day4,analyst price target upside,0.478534591,2026-04-30 38:31:0
2024Q2_day4,reaction days,-0.030124147,2026-04-30 38:31:0
2024Q2_day4,cortex sentiment,-0.116964845,2026-04-30 38:31:0
2024Q2_day4,earnings surprise pct,0.602828915,2026-04-30 38:31:0
2024Q2_day4,actual eps,1.161912459,2026-04-30 38:31:0
2024Q2_day4,operating margin,-0.163234201,2026-04-30 38:31:0
2024Q2_day4,guidance surprise pct,0.702324256,2026-04-30 38:31:0
2024Q2_day4,guidance eps,0.824551505,2026-04-30 38:31:0
2024Q2_day4,china rev yoy,-0.300656237,2026-04-30 38:31:0
2024Q2_day4,revenue qoq,0.222247304,2026-04-30 38:31:0
2024Q2_day4,beta sp500,-0.15396407,2026-04-30 38:31:0
2024Q2_day4,beta sp500 it,-0.068579975,2026-04-30 38:31:0
2024Q2_day4,beta nasdaq,-0.298304812,2026-04-30 38:31:0
2024Q2_day4,cadence return 30d,-0.768700098,2026-04-30 38:31:0
2024Q2_day4,siemens return 30d,-0.057308329,2026-04-30 38:31:0
2024Q2_day4,vix,0.806307711,2026-04-30 38:31:0
2024Q2_day4,vix change 30d,-0.007697856,2026-04-30 38:31:0
2024Q2_day4,high volatility,-0.40963019,2026-04-30 38:31:0
2024Q2_day4,cpi,-0.078867249,2026-04-30 38:31:0
2024Q2_day4,unemployment rate,0.006739768,2026-04-30 38:31:0
2024Q2_day4,analyst sentiment score,-0.171728531,2026-04-30 38:31:0
2024Q2_day4,analyst consensus strength,-0.354243845,2026-04-30 38:31:0
2024Q2_day4,analyst bullish ratio,0.334296508,2026-04-30 38:31:0
2024Q2_day5,analyst bearish ratio,0.214614395,2026-04-30 38:31:0
2024Q2_day5,analyst coverage,0.215455718,2026-04-30 38:31:0
2024Q2_day5,analyst rating momentum,0.131542722,2026-04-30 38:31:0
2024Q2_day5,analyst positive momentum,0.005884997,2026-04-30 38:31:0
2024Q2_day5,analyst price target upside,0.284572247,2026-04-30 38:31:0
2024Q2_day5,reaction days,0.268362827,2026-04-30 38:31:0
2024Q2_day5,cortex sentiment,-0.712424427,2026-04-30 38:31:0
2024Q2_day5,earnings surprise pct,0.455838936,2026-04-30 38:31:0
2024Q2_day5,actual eps,0.861113777,2026-04-30 38:31:0
2024Q2_day5,operating margin,0.464706045,2026-04-30 38:31:0
2024Q2_day5,guidance surprise pct,0.056535755,2026-04-30 38:31:0
2024Q2_day5,guidance eps,-0.080515159,2026-04-30 38:31:0
2024Q2_day5,china rev yoy,0.049428252,2026-04-30 38:31:0
2024Q2_day5,revenue qoq,0.015266311,2026-04-30 38:31:0
2024Q2_day5,beta sp500,0.052002499,2026-04-30 38:31:0
2024Q2_day5,beta sp500 it,0.073185959,2026-04-30 38:31:0
2024Q2_day5,beta nasdaq,-0.066960676,2026-04-30 38:31:0
2024Q2_day5,cadence return 30d,0.446959032,2026-04-30 38:31:0
2024Q2_day5,siemens return 30d,-0.480271194,2026-04-30 38:31:0
2024Q2_day5,vix,-0.814248512,2026-04-30 38:31:0
2024Q2_day5,vix change 30d,-0.45162738,2026-04-30 38:31:0
2024Q2_day5,high volatility,-1.221594406,2026-04-30 38:31:0
2024Q2_day5,cpi,-0.052756321,2026-04-30 38:31:0
2024Q2_day5,unemployment rate,0.49844105,2026-04-30 38:31:0
2024Q2_day5,analyst sentiment score,-0.487468107,2026-04-30 38:31:0
2024Q2_day5,analyst consensus strength,0.069210272,2026-04-30 38:31:0
2024Q2_day5,analyst bullish ratio,-0.37804943,2026-04-30 38:31:0
2024Q2_day6,analyst bearish ratio,-0.184908422,2026-04-30 38:31:0
2024Q2_day6,analyst coverage,-0.112558914,2026-04-30 38:31:0
2024Q2_day6,analyst rating momentum,-0.095314529,2026-04-30 38:31:0
2024Q2_day6,analyst positive momentum,0.384493139,2026-04-30 38:31:0
2024Q2_day6,analyst price target upside,0.261538212,2026-04-30 38:31:0
2024Q2_day6,reaction days,-0.072291591,2026-04-30 38:31:0
2024Q2_day6,cortex sentiment,-0.352097133,2026-04-30 38:31:0
2024Q2_day6,earnings surprise pct,1.098933049,2026-04-30 38:31:0
2024Q2_day6,actual eps,1.484089423,2026-04-30 38:31:0
2024Q2_day6,operating margin,0.474162206,2026-04-30 38:31:0
2024Q2_day6,guidance surprise pct,0.190943485,2026-04-30 38:31:0
2024Q2_day6,guidance eps,0.313485493,2026-04-30 38:31:0
2024Q2_day6,china rev yoy,-0.377273358,2026-04-30 38:31:0
2024Q2_day6,revenue qoq,-0.070205958,2026-04-30 38:31:0
2024Q2_day6,beta sp500,0.139907512,2026-04-30 38:31:0
2024Q2_day6,beta sp500 it,0.296200355,2026-04-30 38:31:0
2024Q2_day6,beta nasdaq,-0.022785307,2026-04-30 38:31:0
2024Q2_day6,cadence return 30d,-0.095954257,2026-04-30 38:31:0
2024Q2_day6,siemens return 30d,0.045527398,2026-04-30 38:31:0
2024Q2_day6,vix,-0.817571451,2026-04-30 38:31:0
2024Q2_day6,vix change 30d,0.644769361,2026-04-30 38:31:0
2024Q2_day6,high volatility,-1.203830514,2026-04-30 38:31:0
2024Q2_day6,cpi,0.055422174,2026-04-30 38:31:0
2024Q2_day6,unemployment rate,0.607081866,2026-04-30 38:31:0
2024Q2_day6,analyst sentiment score,-0.495920093,2026-04-30 38:31:0
2024Q2_day6,analyst consensus strength,-0.057011711,2026-04-30 38:31:0
2024Q2_day6,analyst bullish ratio,-0.107233627,2026-04-30 38:31:0
2024Q2_day7,analyst bearish ratio,-0.054117505,2026-04-30 38:31:0
2024Q2_day7,analyst coverage,0.411854542,2026-04-30 38:31:0
2024Q2_day7,analyst rating momentum,-0.663558573,2026-04-30 38:31:0
2024Q2_day7,analyst positive momentum,0.46003011,2026-04-30 38:31:0
2024Q2_day7,analyst price target upside,-0.13479143,2026-04-30 38:31:0
2024Q2_day7,reaction days,0.096669534,2026-04-30 38:31:0
2024Q2_day7,cortex sentiment,-0.757546652,2026-04-30 38:31:0
2024Q2_day7,earnings surprise pct,1.153131962,2026-04-30 38:31:0
2024Q2_day7,actual eps,-0.158874611,2026-04-30 38:31:0
2024Q2_day7,operating margin,0.1386518,2026-04-30 38:31:0
2024Q2_day7,guidance surprise pct,2.014585774,2026-04-30 38:31:0
2024Q2_day7,guidance eps,-0.017904403,2026-04-30 38:31:0
2024Q2_day7,china rev yoy,0.05691185,2026-04-30 38:31:0
2024Q2_day7,revenue qoq,-0.198594653,2026-04-30 38:31:0
2024Q2_day7,beta sp500,0.127766162,2026-04-30 38:31:0
2024Q2_day7,beta sp500 it,0.005744333,2026-04-30 38:31:0
2024Q2_day7,beta nasdaq,-0.192446073,2026-04-30 38:31:0
2024Q2_day7,cadence return 30d,0.146361685,2026-04-30 38:31:0
2024Q2_day7,siemens return 30d,0.541304433,2026-04-30 38:31:0
2024Q2_day7,vix,-0.495451896,2026-04-30 38:31:0
2024Q2_day7,vix change 30d,-0.040121029,2026-04-30 38:31:0
2024Q2_day7,high volatility,-1.046636479,2026-04-30 38:31:0
2024Q2_day7,cpi,-0.286930913,2026-04-30 38:31:0
2024Q2_day7,unemployment rate,0.141721883,2026-04-30 38:31:0
2024Q2_day7,analyst sentiment score,0.390469617,2026-04-30 38:31:0
2024Q2_day7,analyst consensus strength,0.106684005,2026-04-30 38:31:0
2024Q2_day7,analyst bullish ratio,-0.093917409,2026-04-30 38:31:0
2024Q2_day8,analyst bearish ratio,-0.000212578,2026-04-30 38:31:0
2024Q2_day8,analyst coverage,-0.37512232,2026-04-30 38:31:0
2024Q2_day8,analyst rating momentum,0.181354598,2026-04-30 38:31:0
2024Q2_day8,analyst positive momentum,0.264699919,2026-04-30 38:31:0
2024Q2_day8,analyst price target upside,0.059581933,2026-04-30 38:31:0
2024Q2_day8,reaction days,0.05599157,2026-04-30 38:31:0
2024Q2_day8,cortex sentiment,-0.340473062,2026-04-30 38:31:0
2024Q2_day8,earnings surprise pct,0.537968158,2026-04-30 38:31:0
2024Q2_day8,actual eps,0.760320431,2026-04-30 38:31:0
2024Q2_day8,operating margin,0.629916537,2026-04-30 38:31:0
2024Q2_day8,guidance surprise pct,0.65178458,2026-04-30 38:31:0
2024Q2_day8,guidance eps,0.584995909,2026-04-30 38:31:0
2024Q2_day8,china rev yoy,-0.194262542,2026-04-30 38:31:0
2024Q2_day8,revenue qoq,0.223257591,2026-04-30 38:31:0
2024Q2_day8,beta sp500,-0.054367252,2026-04-30 38:31:0
2024Q2_day8,beta sp500 it,-0.194811911,2026-04-30 38:31:0
2024Q2_day8,beta nasdaq,0.39639121,2026-04-30 38:31:0
2024Q2_day8,cadence return 30d,0.425880901,2026-04-30 38:31:0
2024Q2_day8,siemens return 30d,-0.18012707,2026-04-30 38:31:0
2024Q2_day8,vix,-1.333269976,2026-04-30 38:31:0
2024Q2_day8,vix change 30d,0.103756845,2026-04-30 38:31:0
2024Q2_day8,high volatility,-0.742314913,2026-04-30 38:31:0
2024Q2_day8,cpi,0.23718768,2026-04-30 38:31:0
2024Q2_day8,unemployment rate,-0.591031145,2026-04-30 38:31:0
2024Q2_day8,analyst sentiment score,0.035558403,2026-04-30 38:31:0
2024Q2_day8,analyst consensus strength,-0.363351579,2026-04-30 38:31:0
2024Q2_day8,analyst bullish ratio,0.219229236,2026-04-30 38:31:0
2024Q2_day9,analyst bearish ratio,0.00428192,2026-04-30 38:31:0
2024Q2_day9,analyst coverage,-0.286181826,2026-04-30 38:31:0
2024Q2_day9,analyst rating momentum,-0.122110894,2026-04-30 38:31:0
2024Q2_day9,analyst positive momentum,0.205895537,2026-04-30 38:31:0
2024Q2_day9,analyst price target upside,0.171178891,2026-04-30 38:31:0
2024Q2_day9,reaction days,0.266882596,2026-04-30 38:31:0
2024Q2_day9,cortex sentiment,0.685864351,2026-04-30 38:31:0
2024Q2_day9,earnings surprise pct,-0.138544967,2026-04-30 38:31:0
2024Q2_day9,actual eps,1.770327545,2026-04-30 38:31:0
2024Q2_day9,operating margin,0.031306781,2026-04-30 38:31:0
2024Q2_day9,guidance surprise pct,0.260729571,2026-04-30 38:31:0
2024Q2_day9,guidance eps,0.001811825,2026-04-30 38:31:0
2024Q2_day9,china rev yoy,-0.056736117,2026-04-30 38:31:0
2024Q2_day9,revenue qoq,0.276495034,2026-04-30 38:31:0
2024Q2_day9,beta sp500,-0.038264736,2026-04-30 38:31:0
2024Q2_day9,beta sp500 it,0.453346479,2026-04-30 38:31:0
2024Q2_day9,beta nasdaq,-0.435352707,2026-04-30 38:31:0
2024Q2_day9,cadence return 30d,-0.003626684,2026-04-30 38:31:0
2024Q2_day9,siemens return 30d,-0.375718033,2026-04-30 38:31:0
2024Q2_day9,vix,-0.218184059,2026-04-30 38:31:0
2024Q2_day9,vix change 30d,0.043443695,2026-04-30 38:31:0
2024Q2_day9,high volatility,-0.610380897,2026-04-30 38:31:0
2024Q2_day9,cpi,-0.781264157,2026-04-30 38:31:0
2024Q2_day9,unemployment rate,0.059684444,2026-04-30 38:31:0
2024Q2_day9,analyst sentiment score,-0.237956869,2026-04-30 38:31:0
2024Q2_day9,analyst consensus strength,0.121288426,2026-04-30 38:31:0
2024Q2_day9,analyst bullish ratio,0.370734658,2026-04-30 38:31:0
2024Q2_day10,analyst bearish ratio,-0.321316104,2026-04-30 38:31:0
2024Q2_day10,analyst coverage,0.204064832,2026-04-30 38:31:0
2024Q2_day10,analyst rating momentum,0.357752254,2026-04-30 38:31:0
2024Q2_day10,analyst positive momentum,-0.533576275,2026-04-30 38:31:0
2024Q2_day10,analyst price target upside,0.213930365,2026-04-30 38:31:0
2024Q2_day10,reaction days,0.049164034,2026-04-30 38:31:0
2024Q2_day10,cortex sentiment,-0.548913604,2026-04-30 38:31:0
2024Q2_day10,earnings surprise pct,1.00860589,2026-04-30 38:31:0
2024Q2_day10,actual eps,0.507662862,2026-04-30 38:31:0
2024Q2_day10,operating margin,-0.202712424,2026-04-30 38:31:0
2024Q2_day10,guidance surprise pct,0.82049145,2026-04-30 38:31:0
2024Q2_day10,guidance eps,0.147652437,2026-04-30 38:31:0
2024Q2_day10,china rev yoy,-0.325747539,2026-04-30 38:31:0
2024Q2_day10,revenue qoq,0.203811985,2026-04-30 38:31:0
2024Q2_day10,beta sp500,-0.344638211,2026-04-30 38:31:0
2024Q2_day10,beta sp500 it,0.19989375,2026-04-30 38:31:0
2024Q2_day10,beta nasdaq,0.138777388,2026-04-30 38:31:0
2024Q2_day10,cadence return 30d,-0.517742019,2026-04-30 38:31:0
2024Q2_day10,siemens return 30d,-0.203269396,2026-04-30 38:31:0
2024Q2_day10,vix,0.197054702,2026-04-30 38:31:0
2024Q2_day10,vix change 30d,-0.890582766,2026-04-30 38:31:0
2024Q2_day10,high volatility,-0.632202131,2026-04-30 38:31:0
2024Q2_day10,cpi,0.138618268,2026-04-30 38:31:0
2024Q2_day10,unemployment rate,0.235017153,2026-04-30 38:31:0
2024Q2_day10,analyst sentiment score,-0.650923332,2026-04-30 38:31:0
2024Q2_day10,analyst consensus strength,-0.179253058,2026-04-30 38:31:0
2024Q2_day10,analyst bullish ratio,0.426710959,2026-04-30 38:31:0
2024Q3_day1,analyst bearish ratio,0.521669899,2026-04-30 38:31:0
2024Q3_day1,analyst coverage,0.293657415,2026-04-30 38:31:0
2024Q3_day1,analyst rating momentum,0.025595443,2026-04-30 38:31:0
2024Q3_day1,analyst positive momentum,-0.242479716,2026-04-30 38:31:0
2024Q3_day1,analyst price target upside,-0.016088881,2026-04-30 38:31:0
2024Q3_day1,reaction days,0.254502821,2026-04-30 38:31:0
2024Q3_day1,cortex sentiment,-0.248961067,2026-04-30 38:31:0
2024Q3_day1,earnings surprise pct,1.640959156,2026-04-30 38:31:0
2024Q3_day1,actual eps,1.190270056,2026-04-30 38:31:0
2024Q3_day1,operating margin,-0.450924091,2026-04-30 38:31:0
2024Q3_day1,guidance surprise pct,1.431168571,2026-04-30 38:31:0
2024Q3_day1,guidance eps,0.201163624,2026-04-30 38:31:0
2024Q3_day1,china rev yoy,-0.115191382,2026-04-30 38:31:0
2024Q3_day1,revenue qoq,0.075060062,2026-04-30 38:31:0
2024Q3_day1,beta sp500,0.598700247,2026-04-30 38:31:0
2024Q3_day1,beta sp500 it,0.932975567,2026-04-30 38:31:0
2024Q3_day1,beta nasdaq,0.182016918,2026-04-30 38:31:0
2024Q3_day1,cadence return 30d,-0.054958986,2026-04-30 38:31:0
2024Q3_day1,siemens return 30d,0.160351695,2026-04-30 38:31:0
2024Q3_day1,vix,0.043827713,2026-04-30 38:31:0
2024Q3_day1,vix change 30d,-0.560333813,2026-04-30 38:31:0
2024Q3_day1,high volatility,0.497605678,2026-04-30 38:31:0
2024Q3_day1,cpi,0.069021228,2026-04-30 38:31:0
2024Q3_day1,unemployment rate,0.149322927,2026-04-30 38:31:0
2024Q3_day1,analyst sentiment score,-0.100445449,2026-04-30 38:31:0
2024Q3_day1,analyst consensus strength,0.126475983,2026-04-30 38:31:0
2024Q3_day1,analyst bullish ratio,0.25168215,2026-04-30 38:31:0
2024Q3_day2,analyst bearish ratio,-0.185175956,2026-04-30 38:31:0
2024Q3_day2,analyst coverage,-0.167490526,2026-04-30 38:31:0
2024Q3_day2,analyst rating momentum,-0.33004627,2026-04-30 38:31:0
2024Q3_day2,analyst positive momentum,0.131850369,2026-04-30 38:31:0
2024Q3_day2,analyst price target upside,0.305787301,2026-04-30 38:31:0
2024Q3_day2,reaction days,0.241554573,2026-04-30 38:31:0
2024Q3_day2,cortex sentiment,0.50469546,2026-04-30 38:31:0
2024Q3_day2,earnings surprise pct,0.796642389,2026-04-30 38:31:0
2024Q3_day2,actual eps,1.201244993,2026-04-30 38:31:0
2024Q3_day2,operating margin,-0.327510263,2026-04-30 38:31:0
2024Q3_day2,guidance surprise pct,0.567740179,2026-04-30 38:31:0
2024Q3_day2,guidance eps,1.217322655,2026-04-30 38:31:0
2024Q3_day2,china rev yoy,0.254730633,2026-04-30 38:31:0
2024Q3_day2,revenue qoq,-0.088190084,2026-04-30 38:31:0
2024Q3_day2,beta sp500,-0.021479776,2026-04-30 38:31:0
2024Q3_day2,beta sp500 it,-0.455362124,2026-04-30 38:31:0
2024Q3_day2,beta nasdaq,-0.10710876,2026-04-30 38:31:0
2024Q3_day2,cadence return 30d,0.267114949,2026-04-30 38:31:0
2024Q3_day2,siemens return 30d,0.172561505,2026-04-30 38:31:0
2024Q3_day2,vix,-0.149667139,2026-04-30 38:31:0
2024Q3_day2,vix change 30d,-0.375113156,2026-04-30 38:31:0
2024Q3_day2,high volatility,-0.396468421,2026-04-30 38:31:0
2024Q3_day2,cpi,-0.198096342,2026-04-30 38:31:0
2024Q3_day2,unemployment rate,0.209648526,2026-04-30 38:31:0
2024Q3_day2,analyst sentiment score,-0.247416233,2026-04-30 38:31:0
2024Q3_day2,analyst consensus strength,0.147605654,2026-04-30 38:31:0
2024Q3_day2,analyst bullish ratio,-0.157810453,2026-04-30 38:31:0
2024Q3_day3,analyst bearish ratio,-0.646002876,2026-04-30 38:31:0
2024Q3_day3,analyst coverage,0.329145814,2026-04-30 38:31:0
2024Q3_day3,analyst rating momentum,-0.143651237,2026-04-30 38:31:0
2024Q3_day3,analyst positive momentum,-0.258832729,2026-04-30 38:31:0
2024Q3_day3,analyst price target upside,0.288695782,2026-04-30 38:31:0
2024Q3_day3,reaction days,0.071597472,2026-04-30 38:31:0
2024Q3_day3,cortex sentiment,0.13596183,2026-04-30 38:31:0
2024Q3_day3,earnings surprise pct,1.17020357,2026-04-30 38:31:0
2024Q3_day3,actual eps,1.210141594,2026-04-30 38:31:0
2024Q3_day3,operating margin,-0.409786713,2026-04-30 38:31:0
2024Q3_day3,guidance surprise pct,1.527166391,2026-04-30 38:31:0
2024Q3_day3,guidance eps,0.956750319,2026-04-30 38:31:0
2024Q3_day3,china rev yoy,-0.110783142,2026-04-30 38:31:0
2024Q3_day3,revenue qoq,0.04301654,2026-04-30 38:31:0
2024Q3_day3,beta sp500,-0.53287057,2026-04-30 38:31:0
2024Q3_day3,beta sp500 it,0.122595843,2026-04-30 38:31:0
2024Q3_day3,beta nasdaq,-0.308811452,2026-04-30 38:31:0
2024Q3_day3,cadence return 30d,-0.405801086,2026-04-30 38:31:0
2024Q3_day3,siemens return 30d,-0.456707756,2026-04-30 38:31:0
2024Q3_day3,vix,0.156344187,2026-04-30 38:31:0
2024Q3_day3,vix change 30d,-0.714631697,2026-04-30 38:31:0
2024Q3_day3,high volatility,0.366863855,2026-04-30 38:31:0
2024Q3_day3,cpi,-0.160740439,2026-04-30 38:31:0
2024Q3_day3,unemployment rate,-0.512207387,2026-04-30 38:31:0
2024Q3_day3,analyst sentiment score,-1.169914664,2026-04-30 38:31:0
2024Q3_day3,analyst consensus strength,0.370743486,2026-04-30 38:31:0
2024Q3_day3,analyst bullish ratio,-0.046769453,2026-04-30 38:31:0
2024Q3_day4,analyst bearish ratio,-0.164486189,2026-04-30 38:31:0
2024Q3_day4,analyst coverage,0.048005468,2026-04-30 38:31:0
2024Q3_day4,analyst rating momentum,0.150534821,2026-04-30 38:31:0
2024Q3_day4,analyst positive momentum,0.335219645,2026-04-30 38:31:0
2024Q3_day4,analyst price target upside,0.439699846,2026-04-30 38:31:0
2024Q3_day4,reaction days,0.078046271,2026-04-30 38:31:0
2024Q3_day4,cortex sentiment,-1.295628612,2026-04-30 38:31:0
2024Q3_day4,earnings surprise pct,0.551920903,2026-04-30 38:31:0
2024Q3_day4,actual eps,0.956168304,2026-04-30 38:31:0
2024Q3_day4,operating margin,-0.289127678,2026-04-30 38:31:0
2024Q3_day4,guidance surprise pct,0.225709451,2026-04-30 38:31:0
2024Q3_day4,guidance eps,1.006272729,2026-04-30 38:31:0
2024Q3_day4,china rev yoy,-0.014595705,2026-04-30 38:31:0
2024Q3_day4,revenue qoq,0.009839099,2026-04-30 38:31:0
2024Q3_day4,beta sp500,-0.2275486,2026-04-30 38:31:0
2024Q3_day4,beta sp500 it,-0.069120214,2026-04-30 38:31:0
2024Q3_day4,beta nasdaq,-0.277269943,2026-04-30 38:31:0
2024Q3_day4,cadence return 30d,0.267059523,2026-04-30 38:31:0
2024Q3_day4,siemens return 30d,0.3105748,2026-04-30 38:31:0
2024Q3_day4,vix,-1.323093931,2026-04-30 38:31:0
2024Q3_day4,vix change 30d,-0.86475543,2026-04-30 38:31:0
2024Q3_day4,high volatility,-1.148264628,2026-04-30 38:31:0
2024Q3_day4,cpi,-0.19500718,2026-04-30 38:31:0
2024Q3_day4,unemployment rate,-0.025031391,2026-04-30 38:31:0
2024Q3_day4,analyst sentiment score,-1.369787132,2026-04-30 38:31:0
2024Q3_day4,analyst consensus strength,-0.276557944,2026-04-30 38:31:0
2024Q3_day4,analyst bullish ratio,-0.301187212,2026-04-30 38:31:0
2024Q3_day5,analyst bearish ratio,0.062180199,2026-04-30 38:31:0
2024Q3_day5,analyst coverage,0.020803301,2026-04-30 38:31:0
2024Q3_day5,analyst rating momentum,-0.216521266,2026-04-30 38:31:0
2024Q3_day5,analyst positive momentum,0.053046262,2026-04-30 38:31:0
2024Q3_day5,analyst price target upside,0.040663983,2026-04-30 38:31:0
2024Q3_day5,reaction days,0.095668978,2026-04-30 38:31:0
2024Q3_day5,cortex sentiment,0.504071254,2026-04-30 38:31:0
2024Q3_day5,earnings surprise pct,1.604276631,2026-04-30 38:31:0
2024Q3_day5,actual eps,0.020251258,2026-04-30 38:31:0
2024Q3_day5,operating margin,0.248919725,2026-04-30 38:31:0
2024Q3_day5,guidance surprise pct,1.286837933,2026-04-30 38:31:0
2024Q3_day5,guidance eps,0.111042027,2026-04-30 38:31:0
2024Q3_day5,china rev yoy,0.245633293,2026-04-30 38:31:0
2024Q3_day5,revenue qoq,0.461379576,2026-04-30 38:31:0
2024Q3_day5,beta sp500,-0.336763442,2026-04-30 38:31:0
2024Q3_day5,beta sp500 it,-0.275250846,2026-04-30 38:31:0
2024Q3_day5,beta nasdaq,0.30529844,2026-04-30 38:31:0
2024Q3_day5,cadence return 30d,0.081448593,2026-04-30 38:31:0
2024Q3_day5,siemens return 30d,0.165442883,2026-04-30 38:31:0
2024Q3_day5,vix,-0.229705392,2026-04-30 38:31:0
2024Q3_day5,vix change 30d,-0.20465204,2026-04-30 38:31:0
2024Q3_day5,high volatility,-1.063236064,2026-04-30 38:31:0
2024Q3_day5,cpi,0.314195312,2026-04-30 38:31:0
2024Q3_day5,unemployment rate,0.350876998,2026-04-30 38:31:0
2024Q3_day5,analyst sentiment score,-0.637634446,2026-04-30 38:31:0
2024Q3_day5,analyst consensus strength,-0.013043085,2026-04-30 38:31:0
2024Q3_day5,analyst bullish ratio,-0.459332251,2026-04-30 38:31:0
2024Q3_day6,analyst bearish ratio,0.154276427,2026-04-30 38:31:0
2024Q3_day6,analyst coverage,0.171617233,2026-04-30 38:31:0
2024Q3_day6,analyst rating momentum,-0.018657305,2026-04-30 38:31:0
2024Q3_day6,analyst positive momentum,0.337306008,2026-04-30 38:31:0
2024Q3_day6,analyst price target upside,0.083184554,2026-04-30 38:31:0
2024Q3_day6,reaction days,0.262921185,2026-04-30 38:31:0
2024Q3_day6,cortex sentiment,-1.111798603,2026-04-30 38:31:0
2024Q3_day6,earnings surprise pct,0.785868709,2026-04-30 38:31:0
2024Q3_day6,actual eps,0.695387445,2026-04-30 38:31:0
2024Q3_day6,operating margin,0.067592377,2026-04-30 38:31:0
2024Q3_day6,guidance surprise pct,0.578283843,2026-04-30 38:31:0
2024Q3_day6,guidance eps,0.721116443,2026-04-30 38:31:0
2024Q3_day6,china rev yoy,0.247814151,2026-04-30 38:31:0
2024Q3_day6,revenue qoq,-0.131029271,2026-04-30 38:31:0
2024Q3_day6,beta sp500,-0.48197313,2026-04-30 38:31:0
2024Q3_day6,beta sp500 it,0.524875171,2026-04-30 38:31:0
2024Q3_day6,beta nasdaq,0.414436224,2026-04-30 38:31:0
2024Q3_day6,cadence return 30d,-0.387678809,2026-04-30 38:31:0
2024Q3_day6,siemens return 30d,0.206912342,2026-04-30 38:31:0
2024Q3_day6,vix,-0.651487385,2026-04-30 38:31:0
2024Q3_day6,vix change 30d,-0.268256392,2026-04-30 38:31:0
2024Q3_day6,high volatility,-0.252887935,2026-04-30 38:31:0
2024Q3_day6,cpi,-0.07032234,2026-04-30 38:31:0
2024Q3_day6,unemployment rate,-0.2351297,2026-04-30 38:31:0
2024Q3_day6,analyst sentiment score,-0.914324631,2026-04-30 38:31:0
2024Q3_day6,analyst consensus strength,-0.274857575,2026-04-30 38:31:0
2024Q3_day6,analyst bullish ratio,-0.249546662,2026-04-30 38:31:0
2024Q3_day7,analyst bearish ratio,-0.020153487,2026-04-30 38:31:0
2024Q3_day7,analyst coverage,-0.214727997,2026-04-30 38:31:0
2024Q3_day7,analyst rating momentum,0.20461562,2026-04-30 38:31:0
2024Q3_day7,analyst positive momentum,0.446173847,2026-04-30 38:31:0
2024Q3_day7,analyst price target upside,0.033989352,2026-04-30 38:31:0
2024Q3_day7,reaction days,0.1978809,2026-04-30 38:31:0
2024Q3_day7,cortex sentiment,-0.200188934,2026-04-30 38:31:0
2024Q3_day7,earnings surprise pct,1.083201363,2026-04-30 38:31:0
2024Q3_day7,actual eps,0.845573161,2026-04-30 38:31:0
2024Q3_day7,operating margin,0.222804726,2026-04-30 38:31:0
2024Q3_day7,guidance surprise pct,1.089349372,2026-04-30 38:31:0
2024Q3_day7,guidance eps,0.057402547,2026-04-30 38:31:0
2024Q3_day7,china rev yoy,0.260746819,2026-04-30 38:31:0
2024Q3_day7,revenue qoq,0.266187251,2026-04-30 38:31:0
2024Q3_day7,beta sp500,-0.228985831,2026-04-30 38:31:0
2024Q3_day7,beta sp500 it,0.011381351,2026-04-30 38:31:0
2024Q3_day7,beta nasdaq,0.204998698,2026-04-30 38:31:0
2024Q3_day7,cadence return 30d,-0.062794146,2026-04-30 38:31:0
2024Q3_day7,siemens return 30d,0.321893414,2026-04-30 38:31:0
2024Q3_day7,vix,0.781936247,2026-04-30 38:31:0
2024Q3_day7,vix change 30d,-0.792993016,2026-04-30 38:31:0
2024Q3_day7,high volatility,-1.090522302,2026-04-30 38:31:0
2024Q3_day7,cpi,0.091145579,2026-04-30 38:31:0
2024Q3_day7,unemployment rate,0.216468752,2026-04-30 38:31:0
2024Q3_day7,analyst sentiment score,-0.638519824,2026-04-30 38:31:0
2024Q3_day7,analyst consensus strength,0.435978199,2026-04-30 38:31:0
2024Q3_day7,analyst bullish ratio,-0.40158174,2026-04-30 38:31:0
2024Q3_day8,analyst bearish ratio,0.207875587,2026-04-30 38:31:0
2024Q3_day8,analyst coverage,-0.181758246,2026-04-30 38:31:0
2024Q3_day8,analyst rating momentum,0.515813372,2026-04-30 38:31:0
2024Q3_day8,analyst positive momentum,0.597754606,2026-04-30 38:31:0
2024Q3_day8,analyst price target upside,-0.003331318,2026-04-30 38:31:0
2024Q3_day8,reaction days,0.040088573,2026-04-30 38:31:0
2024Q3_day8,cortex sentiment,0.015752732,2026-04-30 38:31:0
2024Q3_day8,earnings surprise pct,0.56772161,2026-04-30 38:31:0
2024Q3_day8,actual eps,0.772753269,2026-04-30 38:31:0
2024Q3_day8,operating margin,0.007616526,2026-04-30 38:31:0
2024Q3_day8,guidance surprise pct,-0.351803894,2026-04-30 38:31:0
2024Q3_day8,guidance eps,0.791697352,2026-04-30 38:31:0
2024Q3_day8,china rev yoy,-0.206918332,2026-04-30 38:31:0
2024Q3_day8,revenue qoq,-0.147936847,2026-04-30 38:31:0
2024Q3_day8,beta sp500,0.433089601,2026-04-30 38:31:0
2024Q3_day8,beta sp500 it,-0.376952068,2026-04-30 38:31:0
2024Q3_day8,beta nasdaq,0.243961556,2026-04-30 38:31:0
2024Q3_day8,cadence return 30d,-0.083688879,2026-04-30 38:31:0
2024Q3_day8,siemens return 30d,-0.083928051,2026-04-30 38:31:0
2024Q3_day8,vix,-0.004814052,2026-04-30 38:31:0
2024Q3_day8,vix change 30d,-0.229974353,2026-04-30 38:31:0
2024Q3_day8,high volatility,-0.114693501,2026-04-30 38:31:0
2024Q3_day8,cpi,0.290455398,2026-04-30 38:31:0
2024Q3_day8,unemployment rate,-0.099392515,2026-04-30 38:31:0
2024Q3_day8,analyst sentiment score,-0.867342041,2026-04-30 38:31:0
2024Q3_day8,analyst consensus strength,-0.325545158,2026-04-30 38:31:0
2024Q3_day8,analyst bullish ratio,-0.247623159,2026-04-30 38:31:0
2024Q3_day9,analyst bearish ratio,0.884728328,2026-04-30 38:31:0
2024Q3_day9,analyst coverage,0.373403874,2026-04-30 38:31:0
2024Q3_day9,analyst rating momentum,-0.40532231,2026-04-30 38:31:0
2024Q3_day9,analyst positive momentum,-0.396737387,2026-04-30 38:31:0
2024Q3_day9,analyst price target upside,0.246373212,2026-04-30 38:31:0
2024Q3_day9,reaction days,0.259452959,2026-04-30 38:31:0
2024Q3_day9,cortex sentiment,-0.170669699,2026-04-30 38:31:0
2024Q3_day9,earnings surprise pct,0.647026524,2026-04-30 38:31:0
2024Q3_day9,actual eps,0.724727444,2026-04-30 38:31:0
2024Q3_day9,operating margin,0.098363857,2026-04-30 38:31:0
2024Q3_day9,guidance surprise pct,0.851535804,2026-04-30 38:31:0
2024Q3_day9,guidance eps,-0.531580224,2026-04-30 38:31:0
2024Q3_day9,china rev yoy,-0.068939889,2026-04-30 38:31:0
2024Q3_day9,revenue qoq,-0.25542193,2026-04-30 38:31:0
2024Q3_day9,beta sp500,0.052563426,2026-04-30 38:31:0
2024Q3_day9,beta sp500 it,0.895577701,2026-04-30 38:31:0
2024Q3_day9,beta nasdaq,0.1102445,2026-04-30 38:31:0
2024Q3_day9,cadence return 30d,-0.094058906,2026-04-30 38:31:0
2024Q3_day9,siemens return 30d,0.276540451,2026-04-30 38:31:0
2024Q3_day9,vix,-0.158656056,2026-04-30 38:31:0
2024Q3_day9,vix change 30d,-0.189952755,2026-04-30 38:31:0
2024Q3_day9,high volatility,-0.096574703,2026-04-30 38:31:0
2024Q3_day9,cpi,0.616963069,2026-04-30 38:31:0
2024Q3_day9,unemployment rate,-0.339266531,2026-04-30 38:31:0
2024Q3_day9,analyst sentiment score,-0.215820754,2026-04-30 38:31:0
2024Q3_day9,analyst consensus strength,-0.277914339,2026-04-30 38:31:0
2024Q3_day9,analyst bullish ratio,0.166653794,2026-04-30 38:31:0
2024Q3_day10,analyst bearish ratio,-0.275605953,2026-04-30 38:31:0
2024Q3_day10,analyst coverage,-0.125210044,2026-04-30 38:31:0
2024Q3_day10,analyst rating momentum,-0.088526974,2026-04-30 38:31:0
2024Q3_day10,analyst positive momentum,0.292745016,2026-04-30 38:31:0
2024Q3_day10,analyst price target upside,0.333690889,2026-04-30 38:31:0
2024Q3_day10,reaction days,-0.099143475,2026-04-30 38:31:0
2024Q3_day10,cortex sentiment,-0.467039533,2026-04-30 38:31:0
2024Q3_day10,earnings surprise pct,0.374252087,2026-04-30 38:31:0
2024Q3_day10,actual eps,0.044897054,2026-04-30 38:31:0
2024Q3_day10,operating margin,-0.065105115,2026-04-30 38:31:0
2024Q3_day10,guidance surprise pct,0.614910327,2026-04-30 38:31:0
2024Q3_day10,guidance eps,2.256029892,2026-04-30 38:31:0
2024Q3_day10,china rev yoy,0.129887948,2026-04-30 38:31:0
2024Q3_day10,revenue qoq,-0.41328525,2026-04-30 38:31:0
2024Q3_day10,beta sp500,-0.169432201,2026-04-30 38:31:0
2024Q3_day10,beta sp500 it,0.306414989,2026-04-30 38:31:0
2024Q3_day10,beta nasdaq,0.626532832,2026-04-30 38:31:0
2024Q3_day10,cadence return 30d,-0.475794994,2026-04-30 38:31:0
2024Q3_day10,siemens return 30d,-0.563977316,2026-04-30 38:31:0
2024Q3_day10,vix,0.535482588,2026-04-30 38:31:0
2024Q3_day10,vix change 30d,-0.205192911,2026-04-30 38:31:0
2024Q3_day10,high volatility,-0.834146366,2026-04-30 38:31:0
2024Q3_day10,cpi,0.160388726,2026-04-30 38:31:0
2024Q3_day10,unemployment rate,-0.790724322,2026-04-30 38:31:0
2024Q3_day10,analyst sentiment score,-0.497974696,2026-04-30 38:31:0
2024Q3_day10,analyst consensus strength,0.098346352,2026-04-30 38:31:0
2024Q3_day10,analyst bullish ratio,0.277281042,2026-04-30 38:31:0
2024Q4_day1,analyst bearish ratio,-0.304168786,2026-04-30 38:31:0
2024Q4_day1,analyst coverage,0.025706148,2026-04-30 38:31:0
2024Q4_day1,analyst rating momentum,-0.277627388,2026-04-30 38:31:0
2024Q4_day1,analyst positive momentum,0.076615127,2026-04-30 38:31:0
2024Q4_day1,analyst price target upside,-0.029069264,2026-04-30 38:31:0
2024Q4_day1,reaction days,0.068379832,2026-04-30 38:31:0
2024Q4_day1,cortex sentiment,-1.097489237,2026-04-30 38:31:0
2024Q4_day1,earnings surprise pct,1.190681745,2026-04-30 38:31:0
2024Q4_day1,actual eps,1.31507067,2026-04-30 38:31:0
2024Q4_day1,operating margin,-0.070386171,2026-04-30 38:31:0
2024Q4_day1,guidance surprise pct,0.822942797,2026-04-30 38:31:0
2024Q4_day1,guidance eps,-0.069154849,2026-04-30 38:31:0
2024Q4_day1,china rev yoy,-0.089902994,2026-04-30 38:31:0
2024Q4_day1,revenue qoq,-0.015061385,2026-04-30 38:31:0
2024Q4_day1,beta sp500,0.786237927,2026-04-30 38:31:0
2024Q4_day1,beta sp500 it,-0.333590108,2026-04-30 38:31:0
2024Q4_day1,beta nasdaq,0.439253172,2026-04-30 38:31:0
2024Q4_day1,cadence return 30d,0.299057632,2026-04-30 38:31:0
2024Q4_day1,siemens return 30d,0.084190921,2026-04-30 38:31:0
2024Q4_day1,vix,0.479310242,2026-04-30 38:31:0
2024Q4_day1,vix change 30d,-0.213947264,2026-04-30 38:31:0
2024Q4_day1,high volatility,-0.205420402,2026-04-30 38:31:0
2024Q4_day1,cpi,-0.015936196,2026-04-30 38:31:0
2024Q4_day1,unemployment rate,0.367070665,2026-04-30 38:31:0
2024Q4_day1,analyst sentiment score,0.15788154,2026-04-30 38:31:0
2024Q4_day1,analyst consensus strength,-0.187703186,2026-04-30 38:31:0
2024Q4_day1,analyst bullish ratio,-0.395774158,2026-04-30 38:31:0
2024Q4_day2,analyst bearish ratio,-0.060894191,2026-04-30 38:31:0
2024Q4_day2,analyst coverage,-0.240011569,2026-04-30 38:31:0
2024Q4_day2,analyst rating momentum,-0.019057372,2026-04-30 38:31:0
2024Q4_day2,analyst positive momentum,0.37123144,2026-04-30 38:31:0
2024Q4_day2,analyst price target upside,0.058539669,2026-04-30 38:31:0
2024Q4_day2,reaction days,0.141435324,2026-04-30 38:31:0
2024Q4_day2,cortex sentiment,-0.465186359,2026-04-30 38:31:0
2024Q4_day2,earnings surprise pct,1.309058529,2026-04-30 38:31:0
2024Q4_day2,actual eps,-0.5481336,2026-04-30 38:31:0
2024Q4_day2,operating margin,-0.182010088,2026-04-30 38:31:0
2024Q4_day2,guidance surprise pct,0.926770215,2026-04-30 38:31:0
2024Q4_day2,guidance eps,1.520047374,2026-04-30 38:31:0
2024Q4_day2,china rev yoy,-0.147570734,2026-04-30 38:31:0
2024Q4_day2,revenue qoq,-0.562965812,2026-04-30 38:31:0
2024Q4_day2,beta sp500,0.185913434,2026-04-30 38:31:0
2024Q4_day2,beta sp500 it,-0.190608717,2026-04-30 38:31:0
2024Q4_day2,beta nasdaq,-0.356899998,2026-04-30 38:31:0
2024Q4_day2,cadence return 30d,-0.187303617,2026-04-30 38:31:0
2024Q4_day2,siemens return 30d,-0.055357607,2026-04-30 38:31:0
2024Q4_day2,vix,-0.702372332,2026-04-30 38:31:0
2024Q4_day2,vix change 30d,-1.502783029,2026-04-30 38:31:0
2024Q4_day2,high volatility,0.048533098,2026-04-30 38:31:0
2024Q4_day2,cpi,0.382462512,2026-04-30 38:31:0
2024Q4_day2,unemployment rate,0.195456597,2026-04-30 38:31:0
2024Q4_day2,analyst sentiment score,-1.182611402,2026-04-30 38:31:0
2024Q4_day2,analyst consensus strength,-0.06044746,2026-04-30 38:31:0
2024Q4_day2,analyst bullish ratio,-0.001956395,2026-04-30 38:31:0
2024Q4_day3,analyst bearish ratio,0.179638317,2026-04-30 38:31:0
2024Q4_day3,analyst coverage,0.200502147,2026-04-30 38:31:0
2024Q4_day3,analyst rating momentum,-0.22025214,2026-04-30 38:31:0
2024Q4_day3,analyst positive momentum,0.024598667,2026-04-30 38:31:0
2024Q4_day3,analyst price target upside,0.241456081,2026-04-30 38:31:0
2024Q4_day3,reaction days,0.441164464,2026-04-30 38:31:0
2024Q4_day3,cortex sentiment,-0.077296076,2026-04-30 38:31:0
2024Q4_day3,earnings surprise pct,1.273434012,2026-04-30 38:31:0
2024Q4_day3,actual eps,0.850295977,2026-04-30 38:31:0
2024Q4_day3,operating margin,0.423137744,2026-04-30 38:31:0
2024Q4_day3,guidance surprise pct,1.045857678,2026-04-30 38:31:0
2024Q4_day3,guidance eps,0.283347254,2026-04-30 38:31:0
2024Q4_day3,china rev yoy,0.421010991,2026-04-30 38:31:0
2024Q4_day3,revenue qoq,0.209370982,2026-04-30 38:31:0
2024Q4_day3,beta sp500,-0.132913206,2026-04-30 38:31:0
2024Q4_day3,beta sp500 it,-0.14384789,2026-04-30 38:31:0
2024Q4_day3,beta nasdaq,0.088972664,2026-04-30 38:31:0
2024Q4_day3,cadence return 30d,0.138955439,2026-04-30 38:31:0
2024Q4_day3,siemens return 30d,0.05918768,2026-04-30 38:31:0
2024Q4_day3,vix,-0.244345663,2026-04-30 38:31:0
2024Q4_day3,vix change 30d,0.449978687,2026-04-30 38:31:0
2024Q4_day3,high volatility,0.135771576,2026-04-30 38:31:0
2024Q4_day3,cpi,0.057190677,2026-04-30 38:31:0
2024Q4_day3,unemployment rate,0.282393174,2026-04-30 38:31:0
2024Q4_day3,analyst sentiment score,-1.119514342,2026-04-30 38:31:0
2024Q4_day3,analyst consensus strength,0.119378115,2026-04-30 38:31:0
2024Q4_day3,analyst bullish ratio,0.542791905,2026-04-30 38:31:0
2024Q4_day4,analyst bearish ratio,-0.065413769,2026-04-30 38:31:0
2024Q4_day4,analyst coverage,-0.254290179,2026-04-30 38:31:0
2024Q4_day4,analyst rating momentum,-0.195626667,2026-04-30 38:31:0
2024Q4_day4,analyst positive momentum,-0.326889911,2026-04-30 38:31:0
2024Q4_day4,analyst price target upside,-0.006952382,2026-04-30 38:31:0
2024Q4_day4,reaction days,0.07589838,2026-04-30 38:31:0
2024Q4_day4,cortex sentiment,-1.343340212,2026-04-30 38:31:0
2024Q4_day4,earnings surprise pct,0.809371,2026-04-30 38:31:0
2024Q4_day4,actual eps,1.341366304,2026-04-30 38:31:0
2024Q4_day4,operating margin,-0.272326854,2026-04-30 38:31:0
2024Q4_day4,guidance surprise pct,1.711570354,2026-04-30 38:31:0
2024Q4_day4,guidance eps,1.106475253,2026-04-30 38:31:0
2024Q4_day4,china rev yoy,0.309174176,2026-04-30 38:31:0
2024Q4_day4,revenue qoq,-0.197350366,2026-04-30 38:31:0
2024Q4_day4,beta sp500,0.256357568,2026-04-30 38:31:0
2024Q4_day4,beta sp500 it,-0.32758017,2026-04-30 38:31:0
2024Q4_day4,beta nasdaq,0.26707425,2026-04-30 38:31:0
2024Q4_day4,cadence return 30d,0.051551802,2026-04-30 38:31:0
2024Q4_day4,siemens return 30d,0.165975366,2026-04-30 38:31:0
2024Q4_day4,vix,-0.987797303,2026-04-30 38:31:0
2024Q4_day4,vix change 30d,-0.847534921,2026-04-30 38:31:0
2024Q4_day4,high volatility,-0.101385891,2026-04-30 38:31:0
2024Q4_day4,cpi,-0.284504401,2026-04-30 38:31:0
2024Q4_day4,unemployment rate,0.138961888,2026-04-30 38:31:0
2024Q4_day4,analyst sentiment score,-1.320282684,2026-04-30 38:31:0
2024Q4_day4,analyst consensus strength,0.254452264,2026-04-30 38:31:0
2024Q4_day4,analyst bullish ratio,-0.369756994,2026-04-30 38:31:0
2024Q4_day5,analyst bearish ratio,0.165689981,2026-04-30 38:31:0
2024Q4_day5,analyst coverage,0.18768928,2026-04-30 38:31:0
2024Q4_day5,analyst rating momentum,-0.209031546,2026-04-30 38:31:0
2024Q4_day5,analyst positive momentum,0.17460797,2026-04-30 38:31:0
2024Q4_day5,analyst price target upside,0.202088453,2026-04-30 38:31:0
2024Q4_day5,reaction days,0.042231629,2026-04-30 38:31:0
2024Q4_day5,cortex sentiment,-1.10513281,2026-04-30 38:31:0
2024Q4_day5,earnings surprise pct,-0.377575415,2026-04-30 38:31:0
2024Q4_day5,actual eps,1.009790028,2026-04-30 38:31:0
2024Q4_day5,operating margin,-0.469440831,2026-04-30 38:31:0
2024Q4_day5,guidance surprise pct,0.85720652,2026-04-30 38:31:0
2024Q4_day5,guidance eps,0.64193107,2026-04-30 38:31:0
2024Q4_day5,china rev yoy,0.203742833,2026-04-30 38:31:0
2024Q4_day5,revenue qoq,-0.09061365,2026-04-30 38:31:0
2024Q4_day5,beta sp500,-0.098834336,2026-04-30 38:31:0
2024Q4_day5,beta sp500 it,0.219561211,2026-04-30 38:31:0
2024Q4_day5,beta nasdaq,0.100517409,2026-04-30 38:31:0
2024Q4_day5,cadence return 30d,0.094846787,2026-04-30 38:31:0
2024Q4_day5,siemens return 30d,0.140780277,2026-04-30 38:31:0
2024Q4_day5,vix,-1.167786062,2026-04-30 38:31:0
2024Q4_day5,vix change 30d,-0.02160566,2026-04-30 38:31:0
2024Q4_day5,high volatility,-0.093765603,2026-04-30 38:31:0
2024Q4_day5,cpi,-0.305004939,2026-04-30 38:31:0
2024Q4_day5,unemployment rate,-0.073224142,2026-04-30 38:31:0
2024Q4_day5,analyst sentiment score,-0.523584373,2026-04-30 38:31:0
2024Q4_day5,analyst consensus strength,-0.040349035,2026-04-30 38:31:0
2024Q4_day5,analyst bullish ratio,0.10015799,2026-04-30 38:31:0
2024Q4_day6,analyst bearish ratio,0.429410035,2026-04-30 38:31:0
2024Q4_day6,analyst coverage,0.324530018,2026-04-30 38:31:0
2024Q4_day6,analyst rating momentum,-0.393665758,2026-04-30 38:31:0
2024Q4_day6,analyst positive momentum,0.186620997,2026-04-30 38:31:0
2024Q4_day6,analyst price target upside,0.415786664,2026-04-30 38:31:0
2024Q4_day6,reaction days,0.227361704,2026-04-30 38:31:0
2024Q4_day6,cortex sentiment,0.154588255,2026-04-30 38:31:0
2024Q4_day6,earnings surprise pct,2.007362267,2026-04-30 38:31:0
2024Q4_day6,actual eps,1.414225728,2026-04-30 38:31:0
2024Q4_day6,operating margin,0.074792579,2026-04-30 38:31:0
2024Q4_day6,guidance surprise pct,1.427053084,2026-04-30 38:31:0
2024Q4_day6,guidance eps,0.8869327,2026-04-30 38:31:0
2024Q4_day6,china rev yoy,0.007170913,2026-04-30 38:31:0
2024Q4_day6,revenue qoq,-0.105424271,2026-04-30 38:31:0
2024Q4_day6,beta sp500,0.469024008,2026-04-30 38:31:0
2024Q4_day6,beta sp500 it,-0.2455286,2026-04-30 38:31:0
2024Q4_day6,beta nasdaq,0.459710317,2026-04-30 38:31:0
2024Q4_day6,cadence return 30d,0.149959237,2026-04-30 38:31:0
2024Q4_day6,siemens return 30d,-0.419791852,2026-04-30 38:31:0
2024Q4_day6,vix,-0.216175354,2026-04-30 38:31:0
2024Q4_day6,vix change 30d,-1.450013254,2026-04-30 38:31:0
2024Q4_day6,high volatility,-0.087245992,2026-04-30 38:31:0
2024Q4_day6,cpi,0.265569445,2026-04-30 38:31:0
2024Q4_day6,unemployment rate,-0.177706787,2026-04-30 38:31:0
2024Q4_day6,analyst sentiment score,-0.425871382,2026-04-30 38:31:0
2024Q4_day6,analyst consensus strength,0.58624723,2026-04-30 38:31:0
2024Q4_day6,analyst bullish ratio,-0.151724011,2026-04-30 38:31:0
2024Q4_day7,analyst bearish ratio,-0.317672276,2026-04-30 38:31:0
2024Q4_day7,analyst coverage,0.444499021,2026-04-30 38:31:0
2024Q4_day7,analyst rating momentum,0.588776157,2026-04-30 38:31:0
2024Q4_day7,analyst positive momentum,0.001108702,2026-04-30 38:31:0
2024Q4_day7,analyst price target upside,0.352292607,2026-04-30 38:31:0
2024Q4_day7,reaction days,0.418295183,2026-04-30 38:31:0
2024Q4_day7,cortex sentiment,-0.94549054,2026-04-30 38:31:0
2024Q4_day7,earnings surprise pct,0.508816499,2026-04-30 38:31:0
2024Q4_day7,actual eps,1.538524708,2026-04-30 38:31:0
2024Q4_day7,operating margin,0.505504284,2026-04-30 38:31:0
2024Q4_day7,guidance surprise pct,1.137728516,2026-04-30 38:31:0
2024Q4_day7,guidance eps,0.272111388,2026-04-30 38:31:0
2024Q4_day7,china rev yoy,0.596118334,2026-04-30 38:31:0
2024Q4_day7,revenue qoq,-0.159291269,2026-04-30 38:31:0
2024Q4_day7,beta sp500,-0.100541334,2026-04-30 38:31:0
2024Q4_day7,beta sp500 it,0.10270135,2026-04-30 38:31:0
2024Q4_day7,beta nasdaq,0.466248126,2026-04-30 38:31:0
2024Q4_day7,cadence return 30d,0.256192793,2026-04-30 38:31:0
2024Q4_day7,siemens return 30d,0.12445965,2026-04-30 38:31:0
2024Q4_day7,vix,-0.168355735,2026-04-30 38:31:0
2024Q4_day7,vix change 30d,-0.378242666,2026-04-30 38:31:0
2024Q4_day7,high volatility,-0.120930243,2026-04-30 38:31:0
2024Q4_day7,cpi,-0.758868023,2026-04-30 38:31:0
2024Q4_day7,unemployment rate,-0.088982238,2026-04-30 38:31:0
2024Q4_day7,analyst sentiment score,-0.355206839,2026-04-30 38:31:0
2024Q4_day7,analyst consensus strength,-0.345304225,2026-04-30 38:31:0
2024Q4_day7,analyst bullish ratio,0.115896995,2026-04-30 38:31:0
2024Q4_day8,analyst bearish ratio,-0.061341366,2026-04-30 38:31:0
2024Q4_day8,analyst coverage,0.526642709,2026-04-30 38:31:0
2024Q4_day8,analyst rating momentum,0.471905918,2026-04-30 38:31:0
2024Q4_day8,analyst positive momentum,-0.139741671,2026-04-30 38:31:0
2024Q4_day8,analyst price target upside,0.119832458,2026-04-30 38:31:0
2024Q4_day8,reaction days,0.135210487,2026-04-30 38:31:0
2024Q4_day8,cortex sentiment,-0.770995686,2026-04-30 38:31:0
2024Q4_day8,earnings surprise pct,0.91701499,2026-04-30 38:31:0
2024Q4_day8,actual eps,0.345030759,2026-04-30 38:31:0
2024Q4_day8,operating margin,-0.3391846,2026-04-30 38:31:0
2024Q4_day8,guidance surprise pct,1.173626734,2026-04-30 38:31:0
2024Q4_day8,guidance eps,1.177717751,2026-04-30 38:31:0
2024Q4_day8,china rev yoy,-0.241294728,2026-04-30 38:31:0
2024Q4_day8,revenue qoq,0.268606629,2026-04-30 38:31:0
2024Q4_day8,beta sp500,-0.189473319,2026-04-30 38:31:0
2024Q4_day8,beta sp500 it,0.075949571,2026-04-30 38:31:0
2024Q4_day8,beta nasdaq,0.246103204,2026-04-30 38:31:0
2024Q4_day8,cadence return 30d,-0.010083769,2026-04-30 38:31:0
2024Q4_day8,siemens return 30d,0.136422274,2026-04-30 38:31:0
2024Q4_day8,vix,-0.658214822,2026-04-30 38:31:0
2024Q4_day8,vix change 30d,-0.498233292,2026-04-30 38:31:0
2024Q4_day8,high volatility,-0.502929715,2026-04-30 38:31:0
2024Q4_day8,cpi,-0.223973504,2026-04-30 38:31:0
2024Q4_day8,unemployment rate,-0.053032249,2026-04-30 38:31:0
2024Q4_day8,analyst sentiment score,-1.429170979,2026-04-30 38:31:0
2024Q4_day8,analyst consensus strength,-0.147346124,2026-04-30 38:31:0
2024Q4_day8,analyst bullish ratio,-0.085462648,2026-04-30 38:31:0
2024Q4_day9,analyst bearish ratio,-0.076853926,2026-04-30 38:31:0
2024Q4_day9,analyst coverage,-0.072449234,2026-04-30 38:31:0
2024Q4_day9,analyst rating momentum,-0.01852926,2026-04-30 38:31:0
2024Q4_day9,analyst positive momentum,0.143832455,2026-04-30 38:31:0
2024Q4_day9,analyst price target upside,0.324903415,2026-04-30 38:31:0
2024Q4_day9,reaction days,0.020046955,2026-04-30 38:31:0
2024Q4_day9,cortex sentiment,-1.221920513,2026-04-30 38:31:0
2024Q4_day9,earnings surprise pct,0.174773353,2026-04-30 38:31:0
2024Q4_day9,actual eps,0.507678247,2026-04-30 38:31:0
2024Q4_day9,operating margin,-0.105576395,2026-04-30 38:31:0
2024Q4_day9,guidance surprise pct,0.33800236,2026-04-30 38:31:0
2024Q4_day9,guidance eps,0.022330001,2026-04-30 38:31:0
2024Q4_day9,china rev yoy,-0.136836248,2026-04-30 38:31:0
2024Q4_day9,revenue qoq,0.054427986,2026-04-30 38:31:0
2024Q4_day9,beta sp500,0.17850884,2026-04-30 38:31:0
2024Q4_day9,beta sp500 it,-0.167226916,2026-04-30 38:31:0
2024Q4_day9,beta nasdaq,-0.123899347,2026-04-30 38:31:0
2024Q4_day9,cadence return 30d,-0.278009493,2026-04-30 38:31:0
2024Q4_day9,siemens return 30d,-0.009431751,2026-04-30 38:31:0
2024Q4_day9,vix,-0.824214317,2026-04-30 38:31:0
2024Q4_day9,vix change 30d,-0.113436093,2026-04-30 38:31:0
2024Q4_day9,high volatility,-1.292933246,2026-04-30 38:31:0
2024Q4_day9,cpi,-0.107888902,2026-04-30 38:31:0
2024Q4_day9,unemployment rate,0.090332202,2026-04-30 38:31:0
2024Q4_day9,analyst sentiment score,-0.38969929,2026-04-30 38:31:0
2024Q4_day9,analyst consensus strength,0.807910099,2026-04-30 38:31:0
2024Q4_day9,analyst bullish ratio,0.104940007,2026-04-30 38:31:0
2024Q4_day10,analyst bearish ratio,-0.301216379,2026-04-30 38:31:0
2024Q4_day10,analyst coverage,-0.028639274,2026-04-30 38:31:0
2024Q4_day10,analyst rating momentum,-0.5328739,2026-04-30 38:31:0
2024Q4_day10,analyst positive momentum,-0.024179925,2026-04-30 38:31:0
2024Q4_day10,analyst price target upside,-0.016611211,2026-04-30 38:31:0
2024Q4_day10,reaction days,0.333078055,2026-04-30 38:31:0
2024Q4_day10,cortex sentiment,-0.829724165,2026-04-30 38:31:0
2024Q4_day10,earnings surprise pct,0.729940451,2026-04-30 38:31:0
2024Q4_day10,actual eps,0.418665295,2026-04-30 38:31:0
2024Q4_day10,operating margin,0.521655406,2026-04-30 38:31:0
2024Q4_day10,guidance surprise pct,0.60725434,2026-04-30 38:31:0
2024Q4_day10,guidance eps,1.899534226,2026-04-30 38:31:0
2024Q4_day10,china rev yoy,0.244245529,2026-04-30 38:31:0
2024Q4_day10,revenue qoq,0.144620018,2026-04-30 38:31:0
2024Q4_day10,beta sp500,0.110619944,2026-04-30 38:31:0
2024Q4_day10,beta sp500 it,0.118139189,2026-04-30 38:31:0
2024Q4_day10,beta nasdaq,-0.578301774,2026-04-30 38:31:0
2024Q4_day10,cadence return 30d,-0.083665018,2026-04-30 38:31:0
2024Q4_day10,siemens return 30d,0.253547391,2026-04-30 38:31:0
2024Q4_day10,vix,-0.424448592,2026-04-30 38:31:0
2024Q4_day10,vix change 30d,-1.102594923,2026-04-30 38:31:0
2024Q4_day10,high volatility,-0.426202225,2026-04-30 38:31:0
2024Q4_day10,cpi,0.511231655,2026-04-30 38:31:0
2024Q4_day10,unemployment rate,0.374067515,2026-04-30 38:31:0
2024Q4_day10,analyst sentiment score,-0.537202406,2026-04-30 38:31:0
2024Q4_day10,analyst consensus strength,0.285434783,2026-04-30 38:31:0
2024Q4_day10,analyst bullish ratio,-0.109952106,2026-04-30 38:31:0
2025Q1_day1,analyst bearish ratio,-0.511161476,2026-04-30 38:31:0
2025Q1_day1,analyst coverage,-0.277339796,2026-04-30 38:31:0
2025Q1_day1,analyst rating momentum,0.468866631,2026-04-30 38:31:0
2025Q1_day1,analyst positive momentum,-0.082197925,2026-04-30 38:31:0
2025Q1_day1,analyst price target upside,0.101323204,2026-04-30 38:31:0
2025Q1_day1,reaction days,0.090032361,2026-04-30 38:31:0
2025Q1_day1,cortex sentiment,0.642481954,2026-04-30 38:31:0
2025Q1_day1,earnings surprise pct,1.775575349,2026-04-30 38:31:0
2025Q1_day1,actual eps,2.13126814,2026-04-30 38:31:0
2025Q1_day1,operating margin,-0.047713563,2026-04-30 38:31:0
2025Q1_day1,guidance surprise pct,0.977374693,2026-04-30 38:31:0
2025Q1_day1,guidance eps,-0.10998553,2026-04-30 38:31:0
2025Q1_day1,china rev yoy,0.443080328,2026-04-30 38:31:0
2025Q1_day1,revenue qoq,-0.350333865,2026-04-30 38:31:0
2025Q1_day1,beta sp500,0.065032669,2026-04-30 38:31:0
2025Q1_day1,beta sp500 it,-0.329190758,2026-04-30 38:31:0
2025Q1_day1,beta nasdaq,-0.176660048,2026-04-30 38:31:0
2025Q1_day1,cadence return 30d,-0.251178729,2026-04-30 38:31:0
2025Q1_day1,siemens return 30d,-0.182362578,2026-04-30 38:31:0
2025Q1_day1,vix,-0.669561352,2026-04-30 38:31:0
2025Q1_day1,vix change 30d,-0.674134397,2026-04-30 38:31:0
2025Q1_day1,high volatility,0.016666956,2026-04-30 38:31:0
2025Q1_day1,cpi,-0.331458838,2026-04-30 38:31:0
2025Q1_day1,unemployment rate,0.066162428,2026-04-30 38:31:0
2025Q1_day1,analyst sentiment score,0.230775491,2026-04-30 38:31:0
2025Q1_day1,analyst consensus strength,-0.153958909,2026-04-30 38:31:0
2025Q1_day1,analyst bullish ratio,-0.215375667,2026-04-30 38:31:0
2025Q1_day2,analyst bearish ratio,-0.069157388,2026-04-30 38:31:0
2025Q1_day2,analyst coverage,0.353917563,2026-04-30 38:31:0
2025Q1_day2,analyst rating momentum,0.058232289,2026-04-30 38:31:0
2025Q1_day2,analyst positive momentum,-0.159364288,2026-04-30 38:31:0
2025Q1_day2,analyst price target upside,0.24677533,2026-04-30 38:31:0
2025Q1_day2,reaction days,-0.07045843,2026-04-30 38:31:0
2025Q1_day2,cortex sentiment,-0.091184294,2026-04-30 38:31:0
2025Q1_day2,earnings surprise pct,1.045164385,2026-04-30 38:31:0
2025Q1_day2,actual eps,0.615314917,2026-04-30 38:31:0
2025Q1_day2,operating margin,-0.25157574,2026-04-30 38:31:0
2025Q1_day2,guidance surprise pct,0.267991447,2026-04-30 38:31:0
2025Q1_day2,guidance eps,1.120890402,2026-04-30 38:31:0
2025Q1_day2,china rev yoy,0.368694151,2026-04-30 38:31:0
2025Q1_day2,revenue qoq,-0.191192324,2026-04-30 38:31:0
2025Q1_day2,beta sp500,0.137516011,2026-04-30 38:31:0
2025Q1_day2,beta sp500 it,-0.626108106,2026-04-30 38:31:0
2025Q1_day2,beta nasdaq,-0.175385319,2026-04-30 38:31:0
2025Q1_day2,cadence return 30d,-0.00931768,2026-04-30 38:31:0
2025Q1_day2,siemens return 30d,-0.272905025,2026-04-30 38:31:0
2025Q1_day2,vix,-0.868253187,2026-04-30 38:31:0
2025Q1_day2,vix change 30d,-0.733889778,2026-04-30 38:31:0
2025Q1_day2,high volatility,-0.253903636,2026-04-30 38:31:0
2025Q1_day2,cpi,-0.056198706,2026-04-30 38:31:0
2025Q1_day2,unemployment rate,-0.67146937,2026-04-30 38:31:0
2025Q1_day2,analyst sentiment score,-1.772420092,2026-04-30 38:31:0
2025Q1_day2,analyst consensus strength,-0.182059553,2026-04-30 38:31:0
2025Q1_day2,analyst bullish ratio,0.137305976,2026-04-30 38:31:0
2025Q1_day3,analyst bearish ratio,-0.824251453,2026-04-30 38:31:0
2025Q1_day3,analyst coverage,-0.149919053,2026-04-30 38:31:0
2025Q1_day3,analyst rating momentum,-0.157874357,2026-04-30 38:31:0
2025Q1_day3,analyst positive momentum,0.416501333,2026-04-30 38:31:0
2025Q1_day3,analyst price target upside,0.072995638,2026-04-30 38:31:0
2025Q1_day3,reaction days,0.226597797,2026-04-30 38:31:0
2025Q1_day3,cortex sentiment,-0.415245716,2026-04-30 38:31:0
2025Q1_day3,earnings surprise pct,-0.478339888,2026-04-30 38:31:0
2025Q1_day3,actual eps,1.26092433,2026-04-30 38:31:0
2025Q1_day3,operating margin,0.064618952,2026-04-30 38:31:0
2025Q1_day3,guidance surprise pct,1.104961184,2026-04-30 38:31:0
2025Q1_day3,guidance eps,3.155742624,2026-04-30 38:31:0
2025Q1_day3,china rev yoy,-0.625233882,2026-04-30 38:31:0
2025Q1_day3,revenue qoq,0.517408995,2026-04-30 38:31:0
2025Q1_day3,beta sp500,-0.086234256,2026-04-30 38:31:0
2025Q1_day3,beta sp500 it,0.086198671,2026-04-30 38:31:0
2025Q1_day3,beta nasdaq,-0.013653674,2026-04-30 38:31:0
2025Q1_day3,cadence return 30d,-0.1272709,2026-04-30 38:31:0
2025Q1_day3,siemens return 30d,-0.170949878,2026-04-30 38:31:0
2025Q1_day3,vix,-0.235245632,2026-04-30 38:31:0
2025Q1_day3,vix change 30d,-1.158586848,2026-04-30 38:31:0
2025Q1_day3,high volatility,-0.024710416,2026-04-30 38:31:0
2025Q1_day3,cpi,-0.124858321,2026-04-30 38:31:0
2025Q1_day3,unemployment rate,-0.339020802,2026-04-30 38:31:0
2025Q1_day3,analyst sentiment score,-0.770007715,2026-04-30 38:31:0
2025Q1_day3,analyst consensus strength,0.377144765,2026-04-30 38:31:0
2025Q1_day3,analyst bullish ratio,-0.160600526,2026-04-30 38:31:0
2025Q1_day4,analyst bearish ratio,0.107536085,2026-04-30 38:31:0
2025Q1_day4,analyst coverage,-0.219286883,2026-04-30 38:31:0
2025Q1_day4,analyst rating momentum,0.227376555,2026-04-30 38:31:0
2025Q1_day4,analyst positive momentum,0.205652322,2026-04-30 38:31:0
2025Q1_day4,analyst price target upside,0.519721767,2026-04-30 38:31:0
2025Q1_day4,reaction days,0.114887211,2026-04-30 38:31:0
2025Q1_day4,cortex sentiment,-0.098807117,2026-04-30 38:31:0
2025Q1_day4,earnings surprise pct,0.858840524,2026-04-30 38:31:0
2025Q1_day4,actual eps,1.577523069,2026-04-30 38:31:0
2025Q1_day4,operating margin,-0.215649716,2026-04-30 38:31:0
2025Q1_day4,guidance surprise pct,1.247003188,2026-04-30 38:31:0
2025Q1_day4,guidance eps,0.683181622,2026-04-30 38:31:0
2025Q1_day4,china rev yoy,-0.019256453,2026-04-30 38:31:0
2025Q1_day4,revenue qoq,0.027525745,2026-04-30 38:31:0
2025Q1_day4,beta sp500,0.075672119,2026-04-30 38:31:0
2025Q1_day4,beta sp500 it,-0.034868713,2026-04-30 38:31:0
2025Q1_day4,beta nasdaq,0.064413955,2026-04-30 38:31:0
2025Q1_day4,cadence return 30d,0.473435417,2026-04-30 38:31:0
2025Q1_day4,siemens return 30d,0.295634906,2026-04-30 38:31:0
2025Q1_day4,vix,0.034577296,2026-04-30 38:31:0
2025Q1_day4,vix change 30d,-0.627769763,2026-04-30 38:31:0
2025Q1_day4,high volatility,-0.844620414,2026-04-30 38:31:0
2025Q1_day4,cpi,0.286590167,2026-04-30 38:31:0
2025Q1_day4,unemployment rate,0.262814038,2026-04-30 38:31:0
2025Q1_day4,analyst sentiment score,0.383602405,2026-04-30 38:31:0
2025Q1_day4,analyst consensus strength,-0.181194188,2026-04-30 38:31:0
2025Q1_day4,analyst bullish ratio,-0.068864597,2026-04-30 38:31:0
2025Q1_day5,analyst bearish ratio,-0.491845249,2026-04-30 38:31:0
2025Q1_day5,analyst coverage,-0.117741332,2026-04-30 38:31:0
2025Q1_day5,analyst rating momentum,0.298971153,2026-04-30 38:31:0
2025Q1_day5,analyst positive momentum,-0.139948614,2026-04-30 38:31:0
2025Q1_day5,analyst price target upside,0.278095959,2026-04-30 38:31:0
2025Q1_day5,reaction days,0.111899379,2026-04-30 38:31:0
2025Q1_day5,cortex sentiment,-0.305565783,2026-04-30 38:31:0
2025Q1_day5,earnings surprise pct,0.111385166,2026-04-30 38:31:0
2025Q1_day5,actual eps,0.85112567,2026-04-30 38:31:0
2025Q1_day5,operating margin,-0.897340791,2026-04-30 38:31:0
2025Q1_day5,guidance surprise pct,0.687862305,2026-04-30 38:31:0
2025Q1_day5,guidance eps,-0.178283946,2026-04-30 38:31:0
2025Q1_day5,china rev yoy,0.361798355,2026-04-30 38:31:0
2025Q1_day5,revenue qoq,0.233222206,2026-04-30 38:31:0
2025Q1_day5,beta sp500,0.140001295,2026-04-30 38:31:0
2025Q1_day5,beta sp500 it,0.456301868,2026-04-30 38:31:0
2025Q1_day5,beta nasdaq,-0.284674956,2026-04-30 38:31:0
2025Q1_day5,cadence return 30d,0.524208959,2026-04-30 38:31:0
2025Q1_day5,siemens return 30d,0.279657469,2026-04-30 38:31:0
2025Q1_day5,vix,-0.518277644,2026-04-30 38:31:0
2025Q1_day5,vix change 30d,0.167810074,2026-04-30 38:31:0
2025Q1_day5,high volatility,-0.953146756,2026-04-30 38:31:0
2025Q1_day5,cpi,-0.247354248,2026-04-30 38:31:0
2025Q1_day5,unemployment rate,-0.182576917,2026-04-30 38:31:0
2025Q1_day5,analyst sentiment score,-0.817386625,2026-04-30 38:31:0
2025Q1_day5,analyst consensus strength,-0.316967293,2026-04-30 38:31:0
2025Q1_day5,analyst bullish ratio,0.36692492,2026-04-30 38:31:0
2025Q1_day6,analyst bearish ratio,-0.07765632,2026-04-30 38:31:0
2025Q1_day6,analyst coverage,0.105751491,2026-04-30 38:31:0
2025Q1_day6,analyst rating momentum,-0.17110541,2026-04-30 38:31:0
2025Q1_day6,analyst positive momentum,-0.54618099,2026-04-30 38:31:0
2025Q1_day6,analyst price target upside,0.204011472,2026-04-30 38:31:0
2025Q1_day6,reaction days,-0.232450995,2026-04-30 38:31:0
2025Q1_day6,cortex sentiment,-0.541180428,2026-04-30 38:31:0
2025Q1_day6,earnings surprise pct,-0.020989023,2026-04-30 38:31:0
2025Q1_day6,actual eps,1.9923656,2026-04-30 38:31:0
2025Q1_day6,operating margin,0.273408817,2026-04-30 38:31:0
2025Q1_day6,guidance surprise pct,0.863452275,2026-04-30 38:31:0
2025Q1_day6,guidance eps,1.558224007,2026-04-30 38:31:0
2025Q1_day6,china rev yoy,-0.253894793,2026-04-30 38:31:0
2025Q1_day6,revenue qoq,0.163043814,2026-04-30 38:31:0
2025Q1_day6,beta sp500,0.05994313,2026-04-30 38:31:0
2025Q1_day6,beta sp500 it,0.079206024,2026-04-30 38:31:0
2025Q1_day6,beta nasdaq,0.38170605,2026-04-30 38:31:0
2025Q1_day6,cadence return 30d,0.219747631,2026-04-30 38:31:0
2025Q1_day6,siemens return 30d,0.086617099,2026-04-30 38:31:0
2025Q1_day6,vix,-1.227443718,2026-04-30 38:31:0
2025Q1_day6,vix change 30d,-0.880023148,2026-04-30 38:31:0
2025Q1_day6,high volatility,-0.461354467,2026-04-30 38:31:0
2025Q1_day6,cpi,0.028011712,2026-04-30 38:31:0
2025Q1_day6,unemployment rate,-0.339061117,2026-04-30 38:31:0
2025Q1_day6,analyst sentiment score,0.947006005,2026-04-30 38:31:0
2025Q1_day6,analyst consensus strength,0.454918217,2026-04-30 38:31:0
2025Q1_day6,analyst bullish ratio,0.180635496,2026-04-30 38:31:0
2025Q1_day7,analyst bearish ratio,0.021611058,2026-04-30 38:31:0
2025Q1_day7,analyst coverage,-0.063662691,2026-04-30 38:31:0
2025Q1_day7,analyst rating momentum,-0.285575538,2026-04-30 38:31:0
2025Q1_day7,analyst positive momentum,0.023244156,2026-04-30 38:31:0
2025Q1_day7,analyst price target upside,0.201550508,2026-04-30 38:31:0
2025Q1_day7,reaction days,-0.098352115,2026-04-30 38:31:0
2025Q1_day7,cortex sentiment,-0.29949415,2026-04-30 38:31:0
2025Q1_day7,earnings surprise pct,0.706844571,2026-04-30 38:31:0
2025Q1_day7,actual eps,-0.344684535,2026-04-30 38:31:0
2025Q1_day7,operating margin,-0.258115503,2026-04-30 38:31:0
2025Q1_day7,guidance surprise pct,0.55183668,2026-04-30 38:31:0
2025Q1_day7,guidance eps,1.932612594,2026-04-30 38:31:0
2025Q1_day7,china rev yoy,0.166965937,2026-04-30 38:31:0
2025Q1_day7,revenue qoq,-0.400644471,2026-04-30 38:31:0
2025Q1_day7,beta sp500,0.145810887,2026-04-30 38:31:0
2025Q1_day7,beta sp500 it,-0.464191197,2026-04-30 38:31:0
2025Q1_day7,beta nasdaq,0.324807316,2026-04-30 38:31:0
2025Q1_day7,cadence return 30d,-0.141337396,2026-04-30 38:31:0
2025Q1_day7,siemens return 30d,-0.028090857,2026-04-30 38:31:0
2025Q1_day7,vix,0.262898324,2026-04-30 38:31:0
2025Q1_day7,vix change 30d,-1.043581784,2026-04-30 38:31:0
2025Q1_day7,high volatility,-1.098559093,2026-04-30 38:31:0
2025Q1_day7,cpi,-0.175079798,2026-04-30 38:31:0
2025Q1_day7,unemployment rate,0.311513655,2026-04-30 38:31:0
2025Q1_day7,analyst sentiment score,-1.411607645,2026-04-30 38:31:0
2025Q1_day7,analyst consensus strength,-0.849646679,2026-04-30 38:31:0
2025Q1_day7,analyst bullish ratio,-0.135347658,2026-04-30 38:31:0
2025Q1_day8,analyst bearish ratio,0.16552224,2026-04-30 38:31:0
2025Q1_day8,analyst coverage,0.360078525,2026-04-30 38:31:0
2025Q1_day8,analyst rating momentum,-0.138948409,2026-04-30 38:31:0
2025Q1_day8,analyst positive momentum,-0.123427982,2026-04-30 38:31:0
2025Q1_day8,analyst price target upside,0.380780147,2026-04-30 38:31:0
2025Q1_day8,reaction days,-0.22394834,2026-04-30 38:31:0
2025Q1_day8,cortex sentiment,-0.733112465,2026-04-30 38:31:0
2025Q1_day8,earnings surprise pct,0.914254334,2026-04-30 38:31:0
2025Q1_day8,actual eps,1.069531233,2026-04-30 38:31:0
2025Q1_day8,operating margin,-0.152942008,2026-04-30 38:31:0
2025Q1_day8,guidance surprise pct,0.820664607,2026-04-30 38:31:0
2025Q1_day8,guidance eps,-0.692996412,2026-04-30 38:31:0
2025Q1_day8,china rev yoy,-0.197474524,2026-04-30 38:31:0
2025Q1_day8,revenue qoq,0.136052614,2026-04-30 38:31:0
2025Q1_day8,beta sp500,-0.29468821,2026-04-30 38:31:0
2025Q1_day8,beta sp500 it,0.017695266,2026-04-30 38:31:0
2025Q1_day8,beta nasdaq,0.13406175,2026-04-30 38:31:0
2025Q1_day8,cadence return 30d,-0.10276476,2026-04-30 38:31:0
2025Q1_day8,siemens return 30d,0.051139131,2026-04-30 38:31:0
2025Q1_day8,vix,-0.881366283,2026-04-30 38:31:0
2025Q1_day8,vix change 30d,-0.50330564,2026-04-30 38:31:0
2025Q1_day8,high volatility,-0.094891915,2026-04-30 38:31:0
2025Q1_day8,cpi,0.047091888,2026-04-30 38:31:0
2025Q1_day8,unemployment rate,-0.175959381,2026-04-30 38:31:0
2025Q1_day8,analyst sentiment score,-0.365470157,2026-04-30 38:31:0
2025Q1_day8,analyst consensus strength,0.214382937,2026-04-30 38:31:0
2025Q1_day8,analyst bullish ratio,-0.614982384,2026-04-30 38:31:0
2025Q1_day9,analyst bearish ratio,0.347722219,2026-04-30 38:31:0
2025Q1_day9,analyst coverage,-0.100876422,2026-04-30 38:31:0
2025Q1_day9,analyst rating momentum,0.12764698,2026-04-30 38:31:0
2025Q1_day9,analyst positive momentum,0.359174077,2026-04-30 38:31:0
2025Q1_day9,analyst price target upside,-0.124334739,2026-04-30 38:31:0
2025Q1_day9,reaction days,0.0081118,2026-04-30 38:31:0
2025Q1_day9,cortex sentiment,-0.673129218,2026-04-30 38:31:0
2025Q1_day9,earnings surprise pct,0.329747887,2026-04-30 38:31:0
2025Q1_day9,actual eps,1.840961946,2026-04-30 38:31:0
2025Q1_day9,operating margin,-0.257031628,2026-04-30 38:31:0
2025Q1_day9,guidance surprise pct,0.466671932,2026-04-30 38:31:0
2025Q1_day9,guidance eps,0.922633419,2026-04-30 38:31:0
2025Q1_day9,china rev yoy,-0.360644858,2026-04-30 38:31:0
2025Q1_day9,revenue qoq,-0.118704214,2026-04-30 38:31:0
2025Q1_day9,beta sp500,0.095235978,2026-04-30 38:31:0
2025Q1_day9,beta sp500 it,-0.099858121,2026-04-30 38:31:0
2025Q1_day9,beta nasdaq,-0.028016058,2026-04-30 38:31:0
2025Q1_day9,cadence return 30d,-0.158799634,2026-04-30 38:31:0
2025Q1_day9,siemens return 30d,-0.454341093,2026-04-30 38:31:0
2025Q1_day9,vix,-0.239203394,2026-04-30 38:31:0
2025Q1_day9,vix change 30d,0.477466536,2026-04-30 38:31:0
2025Q1_day9,high volatility,-0.390799185,2026-04-30 38:31:0
2025Q1_day9,cpi,0.067579235,2026-04-30 38:31:0
2025Q1_day9,unemployment rate,0.207816827,2026-04-30 38:31:0
2025Q1_day9,analyst sentiment score,-1.261598298,2026-04-30 38:31:0
2025Q1_day9,analyst consensus strength,0.510754397,2026-04-30 38:31:0
2025Q1_day9,analyst bullish ratio,0.060698639,2026-04-30 38:31:0
2025Q1_day10,analyst bearish ratio,0.48955707,2026-04-30 38:31:0
2025Q1_day10,analyst coverage,-0.219909899,2026-04-30 38:31:0
2025Q1_day10,analyst rating momentum,0.545418577,2026-04-30 38:31:0
2025Q1_day10,analyst positive momentum,0.232546648,2026-04-30 38:31:0
2025Q1_day10,analyst price target upside,0.260608017,2026-04-30 38:31:0
2025Q1_day10,reaction days,0.196804891,2026-04-30 38:31:0
2025Q1_day10,cortex sentiment,-0.649117171,2026-04-30 38:31:0
2025Q1_day10,earnings surprise pct,1.520318995,2026-04-30 38:31:0
2025Q1_day10,actual eps,0.884215922,2026-04-30 38:31:0
2025Q1_day10,operating margin,-0.590120911,2026-04-30 38:31:0
2025Q1_day10,guidance surprise pct,0.129688123,2026-04-30 38:31:0
2025Q1_day10,guidance eps,0.688492549,2026-04-30 38:31:0
2025Q1_day10,china rev yoy,0.092999695,2026-04-30 38:31:0
2025Q1_day10,revenue qoq,-0.016976547,2026-04-30 38:31:0
2025Q1_day10,beta sp500,0.365691237,2026-04-30 38:31:0
2025Q1_day10,beta sp500 it,-0.585330559,2026-04-30 38:31:0
2025Q1_day10,beta nasdaq,0.043076381,2026-04-30 38:31:0
2025Q1_day10,cadence return 30d,-0.545393768,2026-04-30 38:31:0
2025Q1_day10,siemens return 30d,0.227913689,2026-04-30 38:31:0
2025Q1_day10,vix,-0.447229357,2026-04-30 38:31:0
2025Q1_day10,vix change 30d,-0.190195014,2026-04-30 38:31:0
2025Q1_day10,high volatility,-0.83194148,2026-04-30 38:31:0
2025Q1_day10,cpi,0.383839479,2026-04-30 38:31:0
2025Q1_day10,unemployment rate,0.312517399,2026-04-30 38:31:0
2025Q1_day10,analyst sentiment score,-0.149873418,2026-04-30 38:31:0
2025Q1_day10,analyst consensus strength,-0.038855174,2026-04-30 38:31:0
2025Q1_day10,analyst bullish ratio,0.173957186,2026-04-30 38:31:0
